--
-- PostgreSQL database dump
--

-- Dumped from database version 15.0
-- Dumped by pg_dump version 15.0

SET statement_timeout = 0;
SET lock_timeout = 0;
SET idle_in_transaction_session_timeout = 0;
SET client_encoding = 'UTF8';
SET standard_conforming_strings = on;
SELECT pg_catalog.set_config('search_path', '', false);
SET check_function_bodies = false;
SET xmloption = content;
SET client_min_messages = warning;
SET row_security = off;

SET default_tablespace = '';

SET default_table_access_method = heap;

--
-- Name: actions; Type: TABLE; Schema: public; Owner: andrejdavidcenko
--

CREATE TABLE public.actions (
    id_film text,
    id_actor text
);


ALTER TABLE public.actions OWNER TO andrejdavidcenko;

--
-- Name: actors; Type: TABLE; Schema: public; Owner: andrejdavidcenko
--

CREATE TABLE public.actors (
    id text NOT NULL,
    name text,
    b_date date
);


ALTER TABLE public.actors OWNER TO andrejdavidcenko;

--
-- Name: directors; Type: TABLE; Schema: public; Owner: andrejdavidcenko
--

CREATE TABLE public.directors (
    id text NOT NULL,
    name text,
    b_date date
);


ALTER TABLE public.directors OWNER TO andrejdavidcenko;

--
-- Name: films; Type: TABLE; Schema: public; Owner: andrejdavidcenko
--

CREATE TABLE public.films (
    id_imdb text NOT NULL,
    title text,
    year integer,
    imdb_rating numeric(3,1)
);


ALTER TABLE public.films OWNER TO andrejdavidcenko;

--
-- Name: films_directors; Type: TABLE; Schema: public; Owner: andrejdavidcenko
--

CREATE TABLE public.films_directors (
    id_imdb text,
    id_director text
);


ALTER TABLE public.films_directors OWNER TO andrejdavidcenko;

--
-- Name: films_genre; Type: TABLE; Schema: public; Owner: andrejdavidcenko
--

CREATE TABLE public.films_genre (
    id_imdb text,
    id_genre integer
);


ALTER TABLE public.films_genre OWNER TO andrejdavidcenko;

--
-- Name: genre; Type: TABLE; Schema: public; Owner: andrejdavidcenko
--

CREATE TABLE public.genre (
    id integer NOT NULL,
    name text
);


ALTER TABLE public.genre OWNER TO andrejdavidcenko;

--
-- Name: genre_id_seq; Type: SEQUENCE; Schema: public; Owner: andrejdavidcenko
--

ALTER TABLE public.genre ALTER COLUMN id ADD GENERATED BY DEFAULT AS IDENTITY (
    SEQUENCE NAME public.genre_id_seq
    START WITH 1
    INCREMENT BY 1
    NO MINVALUE
    NO MAXVALUE
    CACHE 1
);


--
-- Name: type_role; Type: TABLE; Schema: public; Owner: andrejdavidcenko
--

CREATE TABLE public.type_role (
    id integer NOT NULL,
    shot_name text
);


ALTER TABLE public.type_role OWNER TO andrejdavidcenko;

--
-- Name: type_role_id_seq; Type: SEQUENCE; Schema: public; Owner: andrejdavidcenko
--

ALTER TABLE public.type_role ALTER COLUMN id ADD GENERATED BY DEFAULT AS IDENTITY (
    SEQUENCE NAME public.type_role_id_seq
    START WITH 1
    INCREMENT BY 1
    NO MINVALUE
    NO MAXVALUE
    CACHE 1
);


--
-- Data for Name: actions; Type: TABLE DATA; Schema: public; Owner: andrejdavidcenko
--

COPY public.actions (id_film, id_actor) FROM stdin;
0111161	0000209
0264464	0000882
0264464	0010736
0111161	0000151
0111161	0348409
0111161	0006669
0111161	0000317
0111161	0004743
0111161	0001679
0068646	0000008
0068646	0000199
0068646	0001001
0068646	0144710
0068646	0000380
0068646	0001330
0068646	0549134
0468569	0000288
0468569	0005132
0468569	0001173
0468569	0000323
0468569	0350454
0468569	0000198
0468569	0000151
0071562	0000199
0071562	0000380
0071562	0000473
0071562	0000134
0071562	0001030
0071562	0001735
0071562	0833448
0050083	0000842
0050083	0275835
0050083	0002011
0050083	0550855
0050083	0001430
0050083	0083081
0050083	0912001
0108052	0000553
0108052	0001426
0108052	0000146
0108052	0328751
0108052	0755974
0108052	0001110
0108052	0311343
0167260	0032370
0167260	0040012
0167260	0000276
0167260	0040058
0167260	0045324
0167260	0000293
0167260	0000949
0110912	0000619
0110912	0001625
0110912	0522503
0110912	0000237
0110912	0000168
0110912	0482851
0110912	0001844
0120737	0397102
0120737	0032370
0120737	0000276
0120737	1019674
0120737	0000293
0120737	0101710
0120737	0785227
0060196	0908919
0060196	0000142
0060196	0001812
0060196	0321294
0060196	0685559
0060196	0711502
0060196	0677654
0109830	0000158
0109830	0931508
0109830	0000398
0109830	0402011
0109830	0381041
0109830	0446404
0109830	0672225
0137523	0001570
0137523	0000093
0137523	0001533
0137523	0340260
0137523	0037118
0137523	0028625
0137523	0536574
0167261	0021600
0167261	0000276
0167261	0045324
0167261	1019674
0167261	0000949
0167261	0089217
0167261	0101710
1375666	0000138
1375666	0330687
1375666	0680983
1375666	0362766
1375666	0913822
1375666	2438307
1375666	0614165
0080684	0000434
0080684	0000148
0080684	0000402
0080684	0001850
0080684	0000355
0080684	0001190
0080684	0562679
0133093	0000206
0133093	0000401
0133093	0005251
0133093	0915989
0133093	0287825
0133093	0001592
0133093	0159059
0099685	0000134
0099685	0000501
0099685	0000582
0099685	0000966
0099685	0000649
0099685	0803370
0099685	0201700
0073486	0077720
0073486	0110480
0073486	0111954
0073486	0113000
0073486	0001079
0073486	0191784
0073486	0000362
0264464	0000981
0118849	0619870
0118849	0268488
0118849	0781245
0118849	0415412
0114369	0000151
0114369	0001825
0114369	0669254
0114369	0000093
0114369	0000569
0114369	0144307
0114369	0532943
0047478	0001536
0047478	0793766
0047478	0875477
0047478	0793616
0047478	0297869
0047478	0441961
0047478	0454087
0038650	0000071
0038650	0001656
0038650	0000859
0038650	0593775
0038650	0871287
0038650	0094135
0038650	0269709
0102926	0000149
0102926	0095029
0102926	0501435
0102926	0942145
0102926	0001277
0102926	0372217
0102926	0265670
0317248	1179105
0317248	1129884
0317248	1249574
0317248	1179683
0317248	1178560
0317248	0618690
0317248	1179580
0120815	0000158
0120815	0001744
0120815	0122653
0120815	0001608
0120815	0004965
0120815	0004874
0120815	0000610
0118799	0000905
0118799	0000971
0118799	0134493
0118799	0243842
0118799	0082979
0118799	0004650
0118799	0001976
0816692	0000995
0816692	0000190
0816692	3237775
0816692	0001475
0816692	3154303
0816692	0654648
0816692	2180792
0120689	0000158
0120689	0001556
0120689	0001372
0120689	0003817
0120689	0000342
0120689	0005052
0120689	0001295
0076759	0000434
0076759	0000148
0076759	0000402
0076759	0001088
0076759	0000027
0076759	0000355
0076759	0048652
0103064	0000216
0103064	0000157
0103064	0000411
0103064	0001598
0103064	0091286
0103064	0608012
0103064	0580924
0088763	0000150
0088763	0000502
0088763	0000670
0088763	0000417
0088763	0001855
0088763	0920148
0088763	0566013
0245429	0383708
0245429	0997115
0245429	0622412
0245429	0619822
0245429	0768005
0245429	0309107
0245429	1126340
0054215	0000578
0054215	0587256
0054215	0001260
0054215	0001463
0054215	0000842
0054215	0570615
0054215	0643000
0253474	0004778
0253474	0288976
0253474	0954076
0253474	0832380
0253474	0513520
0253474	0277975
0253474	0962577
6751668	0814280
6751668	1310525
6751668	1856097
6751668	6079248
6751668	6476224
6751668	7553003
6751668	4525883
0110413	0000606
0110413	0000198
0110413	0000204
0110413	0000732
0110413	0032216
0110413	0089112
0110413	0187199
0110357	0000100
0110357	0000111
0110357	0129295
0110357	0191906
0110357	0000155
0110357	0347039
0110357	0000460
0172495	0000128
0172495	0001618
0172495	0001567
0172495	0001657
0172495	0001321
0172495	0001394
0172495	0005023
0118849	0764710
0118849	0592395
0120586	0001570
0120586	0000411
0120586	0000350
0120586	0000497
0120586	0839486
0120586	0000103
0120586	0000984
0407887	0000138
0407887	0000354
0407887	0000197
0407887	0000242
0407887	0000640
0407887	0935653
0407887	0267812
0114814	0000286
0114814	0000321
0114814	0001125
0114814	0001629
0114814	0000228
0114814	0001590
0114814	0000592
0482571	0413168
0482571	0000288
0482571	0000323
0482571	0005305
0482571	0356017
0482571	0424060
0482571	2195817
2582802	1886602
2582802	0799777
2582802	0001663
2582802	2552034
2582802	3271473
2582802	4336119
2582802	0611889
0034583	0000007
0034583	0000006
0034583	0002134
0034583	0001647
0034583	0891998
0034583	0002113
0034583	0000048
0056058	0619938
0056058	0410968
0056058	0412615
0056058	0848533
0056058	0592756
0056058	0368049
0056058	0766225
1675434	0167388
1675434	1082477
1675434	0494504
1675434	1109153
1675434	1525639
1675434	0597042
1675434	2031248
0095327	0851302
0095327	0794186
0095327	0794002
0095327	0945312
0095327	12329614
0095327	10735745
0095327	12329615
0027977	0000122
0027977	0002104
0027977	0074788
0027977	0761866
0027977	0174682
0027977	0003424
0027977	0090008
0064116	0001012
0064116	0000020
0064116	0001673
0064116	0000314
0064116	0275213
0064116	0832375
0064116	0834754
0047396	0000071
0047396	0000038
0047396	0179819
0047396	0728812
0047396	0000994
0047396	0263393
0047396	0046564
0078748	0000643
0078748	0000244
0078748	0001021
0078748	0001765
0078748	0000457
0078748	0000453
0078748	0001433
0021749	0156039
0021749	5681967
0021749	0616729
0021749	0305087
0021749	0003424
0021749	0000122
0021749	0008609
0095765	0041066
0095765	0134073
0095765	0199774
0095765	0347842
0095765	0502813
0095765	0535991
0095765	0620919
0078788	0000008
0078788	0000640
0078788	0000380
0078788	0002078
0078788	0098734
0078788	0000401
0078788	0355278
0209144	0001602
0209144	0005251
0209144	0001592
0209144	0095478
0209144	0270383
0209144	0289080
0209144	0864997
0082971	0000148
0082971	0000261
0082971	0293550
0082971	0479951
0082971	0722636
0082971	0001186
0082971	0000547
1853728	0004937
1853728	0910607
1853728	0000138
1853728	0913488
1853728	0000168
1853728	0324658
1853728	0160550
0910970	0123785
0910970	2264184
0910970	0307531
0910970	0929609
0910970	3050831
0910970	0001652
0910970	0001562
0405094	0311476
0405094	0618057
0405094	0462407
0405094	0876300
0405094	0857998
0405094	0061830
0405094	0459087
0043014	0000034
0043014	0841797
0043014	0002233
0043014	0647970
0043014	0163939
0043014	0332221
0043014	0916131
0050825	0000018
0050825	0576127
0050825	0579663
0050825	0534317
0050825	0606998
0050825	0027323
0050825	0877185
0032553	0000122
0032553	0642988
0032553	0306786
0032553	0199787
0032553	0317970
0032553	0354916
0032553	0214924
0081505	0000197
0081505	0001167
0081505	0515950
0081505	0001079
0081505	0625167
0081505	0832104
0081505	0877185
4154756	0000375
4154756	1165110
4154756	0749263
4154756	0262635
4154756	0424060
4154756	0000332
4154756	1212722
0051201	0000061
0051201	0000017
0051201	0001452
0051201	0006471
0051201	0002369
0051201	0199787
0051201	0938052
0090605	0000244
0090605	0001343
0090605	0000299
0090605	0001663
0090605	0000448
0090605	0000200
0090605	0394054
4633694	4271336
4633694	2159926
4633694	2794962
4633694	0991810
4633694	3109964
4633694	0005499
4633694	0904967
0169547	0000228
0169547	0000906
0169547	0000301
0169547	0004747
0169547	0002546
0169547	0001251
0169547	0005049
0057012	0000634
0057012	0001715
0057012	0001330
0057012	0943978
0057012	0001620
0057012	0119988
0057012	0000469
1345836	0000288
1345836	0000198
1345836	0362766
1345836	0330687
1345836	0004266
1345836	0182839
1345836	0000151
0364569	0158856
0364569	0949167
0364569	1367246
0364569	1366028
0364569	1203041
0364569	1367681
0364569	1800416
7286456	0001618
7286456	0000134
7286456	5939164
7286456	0175814
7286456	0191442
7286456	0924154
7286456	0131966
0086879	0000719
0086879	0001371
0086879	0000931
0086879	0234541
0086879	0001003
0086879	0002056
0086879	0000470
0361748	0000093
0361748	0491259
0361748	0910607
0361748	0744834
0361748	1055413
0361748	1208167
0361748	0117709
2380307	5645519
2380307	0305558
2380307	0000973
2380307	0005513
2380307	0896149
2380307	0131781
2380307	0000778
0114709	0000158
0114709	0000741
0114709	0725543
0114709	0001815
0114709	0001728
0114709	0001652
0114709	0001633
0112573	0732703
0112573	0492566
0112573	0625729
0112573	0181920
0112573	0569336
0112573	0848100
0112573	0918571
0082096	0001638
0082096	0344963
0082096	0921044
0082096	0071059
0082096	0783847
0082096	0851427
0082096	0496441
4154796	0000375
4154796	0262635
4154796	0749263
4154796	1165110
4154796	0424060
4154796	0719637
4154796	0000332
0119698	0001082
0119698	0000671
0119698	0000378
0119698	0224007
0119698	0000132
0119698	0218555
0119698	0000586
0087843	0000134
0087843	0000249
0087843	0001527
0087843	0001852
0087843	0001839
0087843	0949350
0087843	0000582
1745960	0000129
1745960	0000174
1745960	1886602
1745960	0000124
1745960	1506981
1745960	0358316
1745960	0663174
0119217	0000354
0119217	0000255
0119217	0001745
0119217	0585906
0119217	0538259
0119217	0565494
0119217	0000729
5311514	1126340
5311514	4759838
5311514	6954008
5311514	2976492
5311514	4858403
5311514	5481013
5311514	4411190
0180093	0000995
0180093	0001467
0180093	0000124
0180093	0005541
0180093	0001520
0180093	0489837
0180093	0476040
0045152	0000037
0045152	0640307
0045152	0001666
0045152	0353405
0045152	0593612
0045152	0001998
0045152	0288830
0435761	0000158
0435761	0000741
0435761	0000349
0435761	0000885
0435761	0725543
0435761	0000474
0435761	0001728
1187043	0451148
1187043	0534856
1187043	0430817
1187043	0004626
1187043	1224082
1187043	1437925
1187043	1587175
0057565	0001536
0057565	0619938
0057565	0434593
0057565	0586227
0057565	0454087
0057565	0411146
0057565	0441399
0086190	0000434
0086190	0000148
0086190	0000402
0086190	0001850
0086190	0000355
0086190	0562679
0086190	0789970
8267604	9862858
8267604	9862859
8267604	9862860
8267604	10201625
8267604	5765775
8267604	10201626
8267604	10201627
0338013	0000120
0338013	0000701
0338013	0004423
0338013	0000704
0338013	0752876
0338013	0749263
0338013	0011038
0062622	0001158
0062622	0516972
0062622	0843213
0062622	0725220
0062622	0744436
0062622	0879239
0062622	0064235
0105236	0000172
0105236	0000619
0105236	0000514
0105236	0001606
0105236	0000114
0105236	0862937
0105236	0112207
2106476	0586568
2106476	0488917
2106476	5038871
2106476	5039026
2106476	0937622
2106476	0368482
2106476	1046521
0033467	0001072
0033467	0173827
0033467	0001547
0033467	0913095
0033467	0172615
0033467	0762557
0033467	0806041
0091251	0470385
0091251	0592500
0091251	0490708
0091251	0046575
0091251	2496074
0091251	0520660
0091251	0704859
0022100	0000048
0022100	0927145
0022100	0484737
0022100	0921532
0022100	0519765
0022100	0345073
0022100	0323479
0056172	0000564
0056172	0000027
0056172	0000063
0056172	0370144
0056172	0001725
0056172	0001207
0056172	0703033
0053125	0000026
0053125	0001693
0053125	0000051
0053125	0484829
0053125	0001991
0053125	0404360
0053125	0643211
0052357	0000071
0052357	0001571
0052357	0000895
0052357	0375738
0052357	0428216
0052357	0047450
0052357	0179289
0211915	0851582
0211915	0440913
0211915	0749363
0211915	0186677
0211915	0581014
0211915	0213354
0211915	0597042
0066921	0000532
0066921	0535861
0066921	0060988
0066921	0165049
0066921	0166979
0066921	0180920
0066921	0240268
0053604	0000493
0053604	0000511
0053604	0534045
0053604	0001827
0053604	0472816
0053604	0507081
0053604	0390516
0036775	0534045
0036775	0001766
0036775	0000064
0036775	0356004
0036775	0372742
0036775	0694631
0036775	0056477
0044741	0793766
0044741	0385443
0044741	0848984
0044741	0156928
0044741	0643887
0044741	0383091
0044741	0945253
0093058	0000546
0093058	0000284
0093058	0000352
0093058	0000388
0093058	0002126
0093058	0397441
0093058	0397124
8503618	4377526
8503618	0325989
8503618	2676147
8503618	1862960
8503618	5093499
8503618	0592135
8503618	1502434
0086250	0000199
0086250	0000874
0086250	0000201
0086250	0001512
0086250	0005162
0086250	0173125
0086250	0000719
0070735	0000056
0070735	0000602
0070735	0001727
0070735	0001164
0070735	0001827
0070735	0107281
0070735	0332390
0056592	0000060
0056592	0576345
0056592	0653942
0056592	0614677
0056592	0925418
0056592	0676349
0056592	0262745
1255953	1323233
1255953	4841645
1255953	0320721
1255953	0246386
1255953	0309945
1255953	0108436
1255953	0044073
1049413	0000799
1049413	0001626
1049413	2973712
1049413	0677037
1049413	0005148
1049413	0710019
1049413	0001652
0113277	0000199
0113277	0000134
0113277	0000174
0113277	0000685
0113277	0001744
0113277	0893204
0113277	0000312
0075314	0007958
0075314	0012524
0075314	0034519
0075314	0034082
0075314	0043039
0075314	0001967
0075314	0000983
1832382	1818216
1832382	0368689
1832382	4299147
1832382	1486911
1832382	4299072
1832382	0953423
1832382	4297889
0017136	0002154
0017136	0297054
0017136	0459030
0017136	0003248
0017136	0519765
0017136	0084430
0017136	0313447
0119488	0000228
0119488	0000128
0119488	0001602
0119488	0000342
0119488	0000107
0119488	0000362
0119488	0000657
0208092	0011744
0208092	0065307
0208092	0065874
0208092	0001971
0208092	0118473
0208092	0134774
0208092	0172577
0095016	0000246
0095016	0000889
0095016	0001817
0095016	0322339
0095016	0924636
0095016	0040472
0095016	0000952
0040522	0536009
0040522	0821543
0040522	0136794
0040522	0022821
0040522	0759031
0040522	0157058
0040522	0031509
0097576	0000148
0097576	0000125
0097576	0001186
0097576	0233145
0097576	0722636
0097576	0002103
0097576	0000203
8579674	2835616
8579674	1126657
8579674	0990547
8579674	0000147
8579674	2553988
8579674	5121393
8579674	4078775
0986264	2594301
0986264	0451148
0986264	1538116
0986264	1479650
0986264	3222518
0986264	2540053
0986264	2896015
0363163	0004486
0363163	0487884
0363163	0362896
0363163	0559890
0363163	0477810
0363163	0272224
0363163	0075321
0059578	0000142
0059578	0001812
0059578	0002231
0059578	0472756
0059578	0685559
0059578	0001428
0059578	8621588
5074352	0451148
5074352	0760778
5074352	7621667
5074352	2799219
5074352	6269780
5074352	7621668
5074352	7621669
0372784	0000288
0372784	0000323
0372784	0000553
0372784	0005017
0372784	0000198
0372784	0614165
0372784	0929489
0012349	0000122
0012349	0001067
0012349	0588033
0012349	0701012
0012349	0042317
0012349	0047800
0012349	0048798
0053291	0000054
0053291	0000348
0053291	0000493
0053291	0706368
0053291	0002285
0053291	0113873
0053291	0675490
10272386	1469236
10272386	0000164
10272386	0309693
10272386	0931404
10272386	1782299
10272386	0001722
10272386	0223499
0042192	0000012
0042192	0000879
0042192	0001695
0042192	0002141
0042192	0581282
0042192	0549280
0042192	0711855
6966692	0001557
6966692	0991810
6966692	0004802
6966692	1724319
6966692	1221253
6966692	2273391
6966692	0126260
0993846	0000138
0993846	1706767
0993846	3053338
0993846	0000190
0993846	0151419
0993846	0001661
0993846	1256532
0055031	0000075
0055031	0000044
0055031	0001847
0055031	0000017
0055031	0001703
0055031	0000023
0055031	0001050
0089881	0619938
0089881	0855417
0089881	0628704
0089881	0753480
0089881	7014801
0089881	0594523
0089881	0407030
0112641	0000134
0112641	0000232
0112641	0000582
0112641	0000249
0112641	0725543
0112641	0454418
0112641	0001629
0457430	1419440
0457430	0530365
0457430	0893941
0457430	0427964
0457430	0317725
0457430	0029962
0457430	1254805
0105695	0000142
0105695	0000432
0105695	0000151
0105695	0001321
0105695	0941316
0105695	0007210
0105695	0004920
0469494	0000358
0469494	2872491
0469494	2872058
0469494	2871845
0469494	2872133
0469494	0215916
0469494	2871955
0120382	0000120
0120382	0001473
0120382	0001187
0120382	0001523
0120382	0852466
0120382	0216507
0120382	1405242
0167404	0000246
0167404	0005286
0167404	0001057
0167404	0931404
0167404	0605080
0167404	0005531
0167404	0848534
10872600	4043618
10872600	3918035
10872600	1212722
10872600	8188622
10872600	0269463
10872600	0004937
10872600	0000353
0268978	0000128
0268978	0000438
0268978	0000124
0268978	0001626
0268978	0079273
0268978	0004965
0268978	0524197
0071853	0001037
0071853	0000092
0071853	0001385
0071853	0000416
0071853	0001402
0071853	0001589
0071853	0095665
0055630	0001536
0055630	0619938
0055630	0875362
0055630	0945222
0055630	0441961
0055630	0442951
0055630	0793766
1130884	0000138
1130884	0749263
1130884	0001426
1130884	0001884
1130884	0931329
1130884	0607865
1130884	0165101
0040897	0000007
0040897	0404158
0040897	0392529
0040897	0071636
0040897	0533692
0040897	0066166
0040897	0815495
0107290	0000554
0107290	0000368
0107290	0000156
0107290	0000277
0107290	0669629
0107290	0274684
0107290	0000703
0042876	0001536
0042876	0477553
0042876	0605270
0042876	0793766
0042876	0156928
0042876	0879918
0042876	0393352
0057115	0000537
0057115	0001258
0057115	0000277
0057115	0232019
0057115	0000314
0057115	0000587
0057115	0000336
0266697	0000235
0266697	0005154
0266697	0000407
0266697	0000435
0266697	0001016
0266697	0000514
0266697	0237838
0477348	0000169
0477348	0000849
0477348	0000982
0477348	0000437
0477348	0531808
0477348	0226813
0477348	0002128
0266543	0000983
0266543	0001122
0266543	1071252
0266543	0000353
0266543	0004951
0266543	0005049
0266543	0671721
0084787	0000621
0084787	0000979
0084787	0141953
0084787	0166359
0084787	0202966
0084787	0246004
0084787	0356251
0080678	0000164
0080678	0000457
0080678	0000843
0080678	0000024
0080678	0384908
0080678	0428086
0080678	0255573
0071315	0000197
0071315	0001159
0071315	0001379
0071315	0520164
0071315	0384916
0071315	0959022
0071315	0002663
0081398	0000134
0081398	0001550
0081398	0000582
0081398	0898634
0081398	0170225
0081398	0757854
0081398	0002869
0434409	0000204
0434409	0915989
0434409	0001653
0434409	0000410
0434409	0000457
0434409	0683116
0434409	0001291
0031381	0593775
0031381	0641966
0031381	0000046
0031381	0450810
0031381	0751946
0031381	0001660
0031381	0186347
2096673	0688132
2096673	0809613
2096673	0454236
2096673	0352778
2096673	0085400
2096673	1411676
2096673	4609731
0120735	0002076
0120735	0002077
0120735	0602941
0120735	0005458
0120735	0533599
0120735	0746583
0120735	0546017
0046912	0001537
0046912	0000038
0046912	0191950
0046912	0002369
0046912	0206060
0046912	0110063
0046912	0019996
1305806	0897845
1305806	0201857
1305806	3587952
1305806	0706567
1305806	1024390
1305806	3588006
1305806	3587916
0347149	0047962
0347149	0454120
0347149	0594271
0347149	0309107
0347149	1126340
0347149	0410659
0347149	1126978
0050212	0000034
0050212	0000027
0050212	0370144
0050212	0370564
0050212	0232019
0050212	0395012
0050212	0603682
5027774	0000531
5027774	2655177
5027774	0174403
5027774	0005377
5027774	6019128
5027774	4654982
5027774	2888524
0117951	0000191
0117951	0001971
0117951	0001538
0117951	0571727
0117951	0001015
0117951	0531808
0117951	0611932
1291584	0249291
1291584	0362766
1291584	0000560
1291584	0607185
1291584	0342029
1291584	0242656
1291584	0380073
1205489	0000142
1205489	1542291
1205489	3057402
1205489	3115704
1205489	0355083
1205489	0400625
1205489	2439111
0116282	0000513
0116282	0000114
0116282	0001780
0116282	0749021
0116282	0696193
0116282	0219301
0116282	0396828
1392214	0413168
1392214	0350453
1392214	0205626
1392214	0004742
1392214	0005024
1392214	0502425
1392214	0200452
0096283	0383022
0096283	0757076
0096283	0411790
0096283	0793585
0096283	0457498
0096283	0847054
0096283	1361762
0405159	0000142
0405159	0005476
0405159	0000151
0405159	0059431
0405159	1591496
0405159	0726900
0405159	0639928
0264464	0000138
0264464	0000158
0264464	0000686
0264464	0000640
0118849	0706325
0015864	0000122
0015864	0841501
0015864	0615306
0015864	0074788
0015864	0906618
0015864	0354913
0015864	1033900
0083658	0000148
0083658	0000442
0083658	0000707
0083658	0001579
0083658	0001826
0083658	0000435
0083658	0761836
0047296	0000008
0047296	0001500
0047296	0002011
0047296	0001768
0047296	0377416
0047296	0002063
0047296	0922599
0112471	0000160
0112471	0000365
0112471	0248600
0112471	0702541
0112471	0115690
0112471	0748239
0112471	0542278
2024544	0252230
2024544	4833412
2024544	6003176
2024544	0061262
2024544	1788122
2024544	0779427
2024544	4832920
1201607	0000146
1201607	0002091
1201607	0000614
1201607	0705356
1201607	0342488
1201607	0914612
1201607	2121541
0052618	0000032
0052618	0370144
0052618	0361823
0052618	0000963
0052618	0341518
0052618	0779549
0052618	0640732
0050986	0803705
0050986	0000761
0050986	0862026
0050986	0085038
0050986	0454247
0050986	0839212
0050986	0084761
0041959	0001072
0041959	0885098
0041959	0000080
0041959	0002145
0041959	0405977
0041959	0222074
0041959	0690691
2267998	0000255
2267998	0683253
2267998	0000439
2267998	1347153
2267998	4689420
2267998	0225332
2267998	0297578
0017925	0000036
0017925	0533045
0017925	0147070
0017925	0267650
0017925	0089162
0017925	1070961
0017925	0807667
2278388	0000146
2278388	0000719
2278388	0023832
2278388	0004778
2278388	0000353
2278388	0000156
2278388	0000172
0077416	0000134
0077416	0001030
0077416	0001698
0077416	0000686
0077416	0000658
0077416	0001169
0077416	0039625
0107207	0188949
0107207	0000358
0107207	2535022
0107207	0000668
0107207	0380248
0107207	0112390
0107207	0564525
0072684	0641939
0072684	0001943
0072684	0535861
0072684	0473228
0072684	0000925
0072684	0357864
0072684	0443811
0046268	0598971
0046268	0889024
0046268	0525793
0046268	0886870
0046268	0167243
0046268	0875630
0046268	0603916
4729430	0005403
4729430	0799777
4729430	0429069
4729430	0766005
4729430	10520267
4729430	0655053
4729430	0005172
2119532	1940449
2119532	1372922
2119532	5681790
2119532	5490799
2119532	7779500
2119532	7737266
2119532	0525281
0031679	0000795
0031679	0000071
0031679	0001647
0031679	0036427
0031679	0452128
0031679	0593775
0031679	0657874
0015324	0000036
0015324	0570230
0015324	0444172
0015324	0175068
0015324	0186440
0015324	0175075
0015324	0204639
0353969	0814280
0353969	1235292
0353969	1323287
0353969	1138201
0353969	1322404
0353969	1325300
0353969	3797160
3011894	0334882
3011894	0555404
3011894	0897640
3011894	0823435
3011894	1254515
3011894	3004685
3011894	3692508
0050976	0085038
0050976	0252345
0050976	0691555
0050976	0001884
0050976	0000761
0050976	0318676
0050976	0361458
3170832	0488953
3170832	5016878
3170832	0108703
3170832	0187724
3170832	3223622
3170832	0330438
3170832	0115760
1392190	0362766
1392190	0000234
1392190	0396558
1392190	0117412
1392190	2890541
1392190	0428923
1392190	2368789
0978762	1814260
0978762	8784422
0978762	8784423
0978762	10928013
0978762	0400635
0978762	0230555
0978762	0287054
0892769	0059431
0892769	0124930
0892769	0272401
0892769	1065229
0892769	1706767
0892769	2395586
0892769	2554352
0118715	0000313
0118715	0000422
0118715	0000194
0118715	0000114
0118715	0399663
0118715	0000450
0118715	0005346
0198781	0000422
0198781	0000345
0198781	0316701
0198781	0000114
0198781	0000336
0198781	0000236
0198781	0677037
0073195	0001702
0073195	0001727
0073195	0000377
0073195	0308882
0073195	0358069
0073195	0331956
0073195	0469552
0097165	0000245
0097165	0000494
0097165	0000160
0097165	0001038
0097165	0360796
0097165	0476378
0097165	0749456
0019254	0266029
0019254	0798564
0019254	0075551
0019254	0776914
0019254	0037625
0019254	0800302
0019254	0195956
0046438	0753479
0046438	0383261
0046438	0361697
0046438	0837503
0046438	0945522
0046438	0594381
0046438	0434593
0395169	1796730
0395169	0000332
0395169	0239221
0395169	0434444
0395169	0450961
0395169	1566587
0395169	1791933
1950186	0000354
1950186	0000288
1950186	1256532
1950186	1495520
1950186	0524197
1950186	7415871
1950186	0504832
0075148	0000230
0075148	0001735
0075148	0949350
0075148	0001835
0075148	0580565
0075148	0203076
0075148	0818874
0091763	0202966
0091763	0001845
0091763	0005331
0091763	0001143
0091763	0001525
0091763	0426047
0091763	0608601
0092005	0000696
0092005	0000203
0092005	0000397
0092005	0005278
0092005	0000662
0092005	0797150
0092005	0727037
0088247	0000216
0088247	0000299
0088247	0000157
0088247	0934902
0088247	0000448
0088247	0001685
0088247	0609477
1895587	0749263
1895587	0000474
1895587	1046097
1895587	0000630
1895587	0805476
1895587	0195421
1895587	0001804
3315342	0413168
3315342	0001772
3315342	6748436
3315342	2933542
3315342	0580351
3315342	0735300
3315342	0001290
0048473	0052333
0048473	0052334
0048473	0222447
0048473	0201871
0048473	0052343
0048473	0051846
0048473	0222480
0382932	0652663
0382932	0000453
0382932	0738918
0382932	0001133
0382932	0812307
0382932	0000564
0382932	0004951
1979320	1165110
1979320	0117709
1979320	1312575
1979320	0487884
1979320	0269419
1979320	0129464
1979320	1754059
0074958	0001159
0074958	0000034
0074958	0002075
0074958	0000380
0074958	0011741
0074958	0000885
0074958	0121386
0758758	0386472
0758758	0001315
0758758	0000458
0758758	0540441
0758758	1619626
0758758	0001416
0758758	0000681
0032138	0000023
0032138	0604656
0032138	0001961
0032138	0481618
0032138	0355095
0032138	0000992
0032138	0002121
0381681	0000160
0381681	0000365
0381681	0229943
0381681	1195302
0381681	0667416
0381681	1242048
0381681	1578895
0107048	0000195
0107048	0000510
0107048	0254402
0107048	0864997
0107048	0236519
0107048	0313882
0107048	0665708
0070047	0000995
0070047	0001884
0070047	0002011
0070047	0935345
0070047	0532290
0070047	0588553
0070047	0000304
0036868	0001485
0036868	0545298
0036868	0000763
0036868	0942863
0036868	0562920
0036868	0640732
0036868	0005994
0317705	0005266
0317705	0000456
0317705	0000168
0317705	0005134
0317705	0521861
0317705	0628599
0317705	0801548
15097216	1421814
15097216	7934649
15097216	8904193
15097216	8135195
15097216	0695177
15097216	3559559
15097216	5626435
6710474	0000706
6710474	3513533
6710474	0702841
6710474	0393222
6710474	0000130
6710474	3303059
6710474	2809577
0058946	0352835
0058946	0552483
0058946	0754272
0058946	0449197
0058946	0657597
0058946	0252678
0058946	0069934
0035446	0001479
0035446	0000912
0035446	0821041
0035446	0107795
0035446	0041172
0035446	0725897
0035446	0750079
1028532	0000152
1028532	0000260
1028532	0846480
1028532	2105255
1028532	0004517
1028532	0042805
1028532	0568672
0325980	0000136
0325980	0001691
0325980	0089217
0325980	0461136
0325980	0202603
0325980	0000596
0325980	0034305
0032551	0000020
0032551	0002034
0032551	0001017
0032551	0335788
0032551	0100758
0032551	0801193
0032551	0925713
0245712	0248408
0245712	0305558
0245712	0865949
0245712	0346270
0245712	0061639
0245712	0758364
0245712	0702270
0032976	0000059
0032976	0000021
0032976	0001695
0032976	0000752
0032976	0115558
0032976	0219666
0032976	0807580
0113247	0001993
0113247	0468003
0113247	0846548
0113247	0315760
0113247	0813217
0113247	0597384
0113247	0712205
0476735	1002038
0476735	0476334
0476735	0406157
0476735	2020015
0476735	0783072
0476735	1698738
0476735	1300254
0061512	0000056
0061512	0001421
0061512	0134201
0061512	0031398
0061512	0238105
0061512	0001510
0061512	0886888
0053198	0529543
0053198	0561158
0053198	0753716
0053198	0213948
0053198	0280961
0053198	0041756
0053198	0184309
4016934	3892241
4016934	1079857
4016934	8621196
4016934	6771561
4016934	1390122
4016934	1195119
4016934	1978402
0025316	0000022
0025316	0001055
0025316	0175369
0025316	0439850
0025316	0858977
0025316	0002118
0025316	0398446
0059742	0000267
0059742	0001626
0059742	0662223
0059742	0370821
0059742	0939931
0059742	0139642
0059742	0579991
0060827	0000761
0060827	0880521
0060827	0472234
0060827	0085038
0060827	0512502
0079470	0001037
0079470	0000092
0079470	0000416
0079470	0001385
0079470	0001402
0079470	0001589
0079470	0063027
0071411	0813272
0071411	0613364
0071411	0125730
0071411	1276196
0071411	6210352
0071411	6210353
0071411	0843102
0103639	0918334
0103639	0000245
0103639	0488306
0103639	0293455
0103639	0919798
0103639	0331906
0103639	0780528
1454029	1297015
1454029	0205626
1454029	0397171
1454029	0818055
1454029	1567113
1454029	1501738
1454029	0005049
0083987	0001426
0083987	0368990
0083987	0786022
0083987	0000298
0083987	0002081
0083987	0000024
0083987	0002145
0129167	0000098
0129167	0001065
0129167	0004874
0129167	0304000
0129167	0001458
0129167	0001520
0129167	0001498
\.


--
-- Data for Name: actors; Type: TABLE DATA; Schema: public; Owner: andrejdavidcenko
--

COPY public.actors (id, name, b_date) FROM stdin;
0000209	Tim Robbins	1958-10-16
0037625	Antonin Artaud	1896-09-04
0000151	Morgan Freeman	1937-06-01
0348409	Bob Gunton	1945-11-15
0006669	William Sadler	1950-04-13
0000317	Clancy Brown	1959-01-05
0004743	Gil Bellows	1967-06-28
0001679	Mark Rolston	1956-12-07
0000008	Marlon Brando	1924-04-03
0000199	Al Pacino	1940-04-25
0001001	James Caan	1940-03-26
0144710	Richard S. Castellano	1933-09-04
0000380	Robert Duvall	1931-01-05
0001330	Sterling Hayden	1916-03-26
0549134	John Marley	1907-10-17
0000288	Christian Bale	1974-01-30
0005132	Heath Ledger	1979-04-04
0001173	Aaron Eckhart	1968-03-12
0000323	Michael Caine	1933-03-14
0350454	Maggie Gyllenhaal	1977-11-16
0000198	Gary Oldman	1958-03-21
0000473	Diane Keaton	1946-01-05
0000134	Robert De Niro	1943-08-17
0001030	John Cazale	1935-08-12
0001735	Talia Shire	1946-04-25
0833448	Lee Strasberg	1901-11-17
0000842	Martin Balsam	1919-11-04
0275835	John Fiedler	1925-02-03
0002011	Lee J. Cobb	1911-12-08
0550855	E.G. Marshall	1914-06-18
0001430	Jack Klugman	1922-04-27
0083081	Edward Binns	1916-09-12
0912001	Jack Warden	1920-09-18
0000553	Liam Neeson	1952-06-07
0001426	Ben Kingsley	1943-12-31
0000146	Ralph Fiennes	1962-12-22
0328751	Caroline Goodall	1959-11-13
0755974	Jonathan Sagall	1959-04-23
0001110	Embeth Davidtz	1965-08-11
0311343	Malgorzata Gebel	1955-11-30
0032370	Noel Appleby	1933-04-05
0040012	Ali Astin	1996-11-27
0000276	Sean Astin	1971-02-25
0040058	David Aston	1900-01-01
0045324	John Bach	1946-06-05
0000293	Sean Bean	1959-04-17
0000949	Cate Blanchett	1969-05-14
0000619	Tim Roth	1961-05-14
0001625	Amanda Plummer	1957-03-23
0522503	Laura Lovelace	1900-01-01
0000237	John Travolta	1954-02-18
0000168	Samuel L. Jackson	1948-12-21
0482851	Phil LaMarr	1967-01-24
0001844	Frank Whaley	1963-07-20
0397102	Alan Howard	1937-08-05
1019674	Sala Baker	1976-09-22
0101710	Billy Boyd	1968-08-28
0785227	Andy Serkis	1964-04-20
0908919	Eli Wallach	1915-12-07
0000142	Clint Eastwood	1930-05-31
0001812	Lee Van Cleef	1925-01-09
0321294	Aldo Giuffrè	1924-04-10
0685559	Luigi Pistilli	1929-07-19
0711502	Rada Rassimov	1938-05-07
0677654	Enzo Petito	1897-07-24
0000158	Tom Hanks	1956-07-09
0931508	Rebecca Williams	1900-01-01
0000398	Sally Field	1946-11-06
0402011	Michael Conner Humphreys	1985-01-01
0381041	Harold G. Herthum	1929-04-11
0446404	George Kelly	1900-01-01
0672225	Bob Penny	1900-01-01
0001570	Edward Norton	1969-08-18
0000093	Brad Pitt	1963-12-18
0001533	Meat Loaf	1947-09-27
0340260	Zach Grenier	1954-02-12
0037118	Richmond Arquette	1963-08-21
0028625	David Andrews	1952-11-02
0536574	George Maguire	1946-12-04
0021600	Bruce Allpress	1930-08-25
0089217	Orlando Bloom	1977-01-13
0000138	Leonardo DiCaprio	1974-11-11
0330687	Joseph Gordon-Levitt	1981-02-17
0680983	Elliot Page	1987-02-21
0362766	Tom Hardy	1977-09-15
0913822	Ken Watanabe	1959-10-21
2438307	Dileep Rao	1973-07-29
0614165	Cillian Murphy	1976-05-25
0000434	Mark Hamill	1951-09-25
0000148	Harrison Ford	1942-07-13
0000402	Carrie Fisher	1956-10-21
0001850	Billy Dee Williams	1937-04-06
0000355	Anthony Daniels	1946-02-21
0001190	David Prowse	1935-07-01
0562679	Peter Mayhew	1944-05-19
0000206	Keanu Reeves	1964-09-02
0000401	Laurence Fishburne	1961-07-30
0005251	Carrie-Anne Moss	1967-08-21
0915989	Hugo Weaving	1960-04-04
0287825	Gloria Foster	1933-11-15
0001592	Joe Pantoliano	1951-09-12
0159059	Marcus Chong	1967-07-08
0000501	Ray Liotta	1954-12-18
0000582	Joe Pesci	1943-02-09
0000966	Lorraine Bracco	1954-10-02
0000649	Paul Sorvino	1939-04-13
0803370	Frank Sivero	1952-01-06
0201700	Tony Darrow	1938-10-01
0077720	Michael Berryman	1948-09-04
0110480	Peter Brocco	1903-01-16
0111954	Dean R. Brooks	1916-07-22
0113000	Alonzo Brown	1900-01-01
0001079	Scatman Crothers	1910-05-23
0191784	Mwako Cumbuka	1950-09-01
0000362	Danny DeVito	1944-11-17
0800302	Michel Simon	1895-04-09
0195956	Jean d'Yd	1880-03-17
0000696	Wil Wheaton	1972-07-29
0001825	Andrew Kevin Walker	1964-08-14
0669254	Daniel Zacapa	1951-07-19
0000569	Gwyneth Paltrow	1972-09-27
0144307	John Cassini	1900-01-01
0532943	Bob Mack	1900-01-01
0001536	Toshirô Mifune	1920-04-01
0793766	Takashi Shimura	1905-03-12
0875477	Keiko Tsushima	1926-02-07
0793616	Yukiko Shimazaki	1931-02-25
0297869	Kamatari Fujiwara	1905-01-15
0441961	Daisuke Katô	1910-02-18
0454087	Isao Kimura	1923-06-22
0000071	James Stewart	1908-05-20
0001656	Donna Reed	1921-01-27
0000859	Lionel Barrymore	1878-04-28
0593775	Thomas Mitchell	1892-07-11
0871287	Henry Travers	1874-03-05
0094135	Beulah Bondi	1889-05-03
0269709	Frank Faylen	1905-12-08
0000149	Jodie Foster	1962-11-19
0095029	Lawrence A. Bonney	1900-01-01
0501435	Kasi Lemmons	1961-02-24
0942145	Lawrence T. Wrentz	1954-02-09
0001277	Scott Glenn	1939-01-26
0372217	Anthony Heald	1944-08-25
0265670	Frankie Faison	1949-06-10
1179105	Alexandre Rodrigues	1983-05-21
1129884	Leandro Firmino	1978-06-23
1249574	Phellipe Haagensen	1984-01-01
1179683	Douglas Silva	1988-01-01
1178560	Jonathan Haagensen	1983-02-23
0618690	Matheus Nachtergaele	1969-01-03
1179580	Seu Jorge	1970-06-08
0001744	Tom Sizemore	1961-11-29
0122653	Edward Burns	1968-01-29
0001608	Barry Pepper	1970-04-04
0004965	Adam Goldberg	1970-10-25
0004874	Vin Diesel	1967-07-18
0000610	Giovanni Ribisi	1974-12-17
0000905	Roberto Benigni	1952-10-27
0000971	Nicoletta Braschi	1960-04-19
0134493	Giorgio Cantarini	1992-04-12
0243842	Giustino Durano	1923-05-05
0082979	Sergio Bini Bustric	1953-04-12
0004650	Marisa Paredes	1946-04-03
0001976	Horst Buchholz	1933-12-04
0000995	Ellen Burstyn	1932-12-07
0000190	Matthew McConaughey	1969-11-04
3237775	Mackenzie Foy	2000-11-10
0001475	John Lithgow	1945-10-19
3154303	Timothée Chalamet	1995-12-27
0654648	David Oyelowo	1976-04-01
2180792	Collette Wolfe	1980-04-04
0001556	David Morse	1953-10-11
0001372	Bonnie Hunt	1961-09-22
0003817	Michael Clarke Duncan	1957-12-10
0000342	James Cromwell	1940-01-27
0005052	Michael Jeter	1952-08-26
0001295	Graham Greene	1952-06-22
0001088	Peter Cushing	1913-05-26
0000027	Alec Guinness	1914-04-02
0048652	Kenny Baker	1934-08-24
0000216	Arnold Schwarzenegger	1947-07-30
0000157	Linda Hamilton	1956-09-26
0000411	Edward Furlong	1977-08-02
0001598	Robert Patrick	1958-11-05
0091286	Earl Boen	1941-08-08
0608012	Joe Morton	1947-10-18
0580924	S. Epatha Merkerson	1952-11-28
0000150	Michael J. Fox	1961-06-09
0000502	Christopher Lloyd	1938-10-22
0000670	Lea Thompson	1961-05-31
0000417	Crispin Glover	1964-04-20
0001855	Tom Wilson	1959-04-15
0920148	Claudia Wells	1966-07-05
0566013	Marc McClure	1957-03-31
0383708	Rumi Hiiragi	1987-08-01
0997115	Miyu Irino	1988-02-19
0622412	Mari Natsuki	1952-05-02
0619822	Takashi Naitô	1955-05-27
0768005	Yasuko Sawaguchi	1965-06-11
0309107	Tatsuya Gashûin	1950-12-10
1126340	Ryûnosuke Kamiki	1993-05-19
0000578	Anthony Perkins	1932-04-04
0587256	Vera Miles	1929-08-23
0001260	John Gavin	1931-04-08
0001463	Janet Leigh	1927-07-06
0570615	John McIntire	1907-06-27
0643000	Simon Oakland	1915-08-28
0004778	Adrien Brody	1973-04-14
0288976	Emilia Fox	1974-07-31
0954076	Michal Zebrowski	1972-06-17
0832380	Ed Stoppard	1974-09-16
0513520	Maureen Lipman	1946-05-10
0277975	Frank Finlay	1926-08-06
0962577	Jessica Kate Meyer	1900-01-01
0814280	Song Kang-ho	1967-01-17
1310525	Lee Sun-kyun	1975-03-02
1856097	Cho Yeo-jeong	1981-02-10
6079248	Choi Woo-sik	1990-03-26
6476224	Park So-dam	1991-09-08
7553003	Lee Jeong-eun	1900-01-01
4525883	Jang Hye-jin	1900-01-01
0000606	Jean Reno	1948-07-30
0000204	Natalie Portman	1981-06-09
0000732	Danny Aiello	1933-06-20
0032216	Peter Appel	1959-10-19
0089112	Willi One Blood	1900-01-01
0187199	Don Creech	1900-01-01
0000100	Rowan Atkinson	1955-01-06
0000111	Matthew Broderick	1962-03-21
0129295	Niketa Calame-Harris	1980-11-10
0191906	Jim Cummings	1952-11-03
0000155	Whoopi Goldberg	1955-11-13
0347039	Robert Guillaume	1927-11-30
0000460	Jeremy Irons	1948-09-19
0000128	Russell Crowe	1964-04-07
0001618	Joaquin Phoenix	1974-10-28
0001567	Connie Nielsen	1965-07-03
0001657	Oliver Reed	1938-02-13
0001321	Richard Harris	1930-10-01
0001394	Derek Jacobi	1938-10-22
0005023	Djimon Hounsou	1964-04-24
0000350	Beverly D'Angelo	1951-11-15
0000497	Jennifer Lien	1974-08-24
0839486	Ethan Suplee	1976-05-25
0000103	Fairuza Balk	1974-05-21
0000984	Avery Brooks	1948-10-02
0000354	Matt Damon	1970-10-08
0000197	Jack Nicholson	1937-04-22
0000242	Mark Wahlberg	1971-06-05
0000640	Martin Sheen	1940-08-03
0935653	Ray Winstone	1957-02-19
0267812	Vera Farmiga	1973-08-06
0000286	Stephen Baldwin	1966-05-12
0000321	Gabriel Byrne	1950-05-12
0001125	Benicio Del Toro	1967-02-19
0001629	Kevin Pollak	1957-10-30
0000228	Kevin Spacey	1959-07-26
0001590	Chazz Palminteri	1952-05-15
0000592	Pete Postlethwaite	1946-02-07
0413168	Hugh Jackman	1968-10-12
0005305	Piper Perabo	1976-10-31
0356017	Rebecca Hall	1982-05-03
0424060	Scarlett Johansson	1984-11-22
2195817	Samantha Mahurin	1999-06-21
1886602	Miles Teller	1987-02-20
0799777	J.K. Simmons	1955-01-09
0001663	Paul Reiser	1956-03-30
2552034	Melissa Benoist	1988-10-04
3271473	Austin Stowell	1984-12-24
4336119	Nate Lang	1900-01-01
0611889	Chris Mulkey	1948-05-03
0000007	Humphrey Bogart	1899-12-25
0000006	Ingrid Bergman	1915-08-29
0002134	Paul Henreid	1908-01-10
0001647	Claude Rains	1889-11-10
0891998	Conrad Veidt	1893-01-22
0002113	Sydney Greenstreet	1879-12-27
0000048	Peter Lorre	1904-06-26
0619938	Tatsuya Nakadai	1932-12-13
0410968	Akira Ishihama	1935-01-29
0412615	Shima Iwashita	1941-01-03
0848533	Tetsurô Tanba	1922-07-17
0592756	Masao Mishima	1906-01-02
0368049	Ichirô Nakatani	1930-10-15
0766225	Kei Satô	1928-12-21
0167388	François Cluzet	1955-09-21
1082477	Omar Sy	1978-01-20
0494504	Anne Le Ny	1962-12-16
1109153	Audrey Fleurot	1977-07-06
1525639	Joséphine de Meaux	1977-01-23
0597042	Clotilde Mollet	1900-01-01
2031248	Alba Gaïa Bellugi	1995-03-05
0851302	Tsutomu Tatsumi	1900-01-01
0794186	Ayano Shiraishi	1900-01-01
0794002	Yoshiko Shinohara	1900-01-01
0945312	Akemi Yamaguchi	1900-01-01
12329614	Kôzô Hashida	1900-01-01
10735745	Masayo Sakai	1900-01-01
12329615	Kazumi Nozaki	1900-01-01
0000122	Charles Chaplin	1889-04-16
0002104	Paulette Goddard	1910-06-03
0074788	Henry Bergman	1868-02-23
0761866	Tiny Sandford	1894-02-26
0174682	Chester Conklin	1886-01-11
0003424	Hank Mann	1887-05-28
0090008	Stanley Blystone	1894-08-01
0001012	Claudia Cardinale	1938-04-15
0000020	Henry Fonda	1905-05-16
0001673	Jason Robards	1922-07-26
0000314	Charles Bronson	1921-11-03
0275213	Gabriele Ferzetti	1925-03-17
0832375	Paolo Stoppa	1906-06-16
0834754	Woody Strode	1914-07-25
0000038	Grace Kelly	1929-11-12
0179819	Wendell Corey	1914-03-20
0728812	Thelma Ritter	1902-02-14
0000994	Raymond Burr	1917-05-21
0263393	Judith Evelyn	1909-03-20
0046564	Ross Bagdasarian	1919-01-27
0000643	Tom Skerritt	1933-08-25
0000244	Sigourney Weaver	1949-10-08
0001021	Veronica Cartwright	1949-04-20
0001765	Harry Dean Stanton	1926-07-14
0000457	John Hurt	1940-01-22
0000453	Ian Holm	1931-09-12
0001433	Yaphet Kotto	1939-11-15
0156039	Virginia Cherrill	1908-04-12
5681967	Florence Lee	1864-02-01
0616729	Harry Myers	1882-09-05
0305087	Al Ernest Garcia	1887-03-11
0008609	Johnny Aber	1916-08-24
0041066	Antonella Attili	1963-04-03
0134073	Enzo Cannavale	1928-04-05
0199774	Isa Danieli	1937-03-13
0347842	Leo Gullotta	1946-01-09
0502813	Marco Leonardi	1971-11-14
0535991	Pupella Maggio	1910-04-24
0620919	Agnese Nano	1965-11-05
0002078	Frederic Forrest	1936-12-23
0098734	Sam Bottoms	1955-10-17
0355278	Albert Hall	1937-11-10
0001602	Guy Pearce	1967-10-05
0095478	Mark Boone Junior	1955-03-17
0270383	Russ Fega	1900-01-01
0289080	Jorja Fox	1968-07-07
0864997	Stephen Tobolowsky	1951-05-30
0000261	Karen Allen	1951-10-05
0293550	Paul Freeman	1943-01-18
0479951	Ronald Lacey	1935-09-28
0722636	John Rhys-Davies	1944-05-05
0001186	Denholm Elliott	1922-05-31
0000547	Alfred Molina	1953-05-24
0004937	Jamie Foxx	1967-12-13
0910607	Christoph Waltz	1956-10-04
0913488	Kerry Washington	1977-01-31
0324658	Walton Goggins	1971-11-10
0160550	Dennis Christopher	1955-12-02
0123785	Ben Burtt	1948-07-12
2264184	Elissa Knight	1975-04-15
0307531	Jeff Garlin	1962-06-05
0929609	Fred Willard	1933-09-18
3050831	MacInTalk	1984-01-01
0001652	John Ratzenberger	1947-04-06
0001562	Kathy Najimy	1957-02-06
0311476	Martina Gedeck	1961-09-14
0618057	Ulrich Mühe	1953-06-20
0462407	Sebastian Koch	1962-05-31
0876300	Ulrich Tukur	1957-07-29
0857998	Thomas Thieme	1948-10-29
0061830	Hans-Uwe Bauer	1955-08-26
0459087	Volkmar Kleinert	1938-09-20
0000034	William Holden	1918-04-17
0841797	Gloria Swanson	1899-03-27
0002233	Erich von Stroheim	1885-09-22
0647970	Nancy Olson	1928-07-14
0163939	Fred Clark	1914-03-19
0332221	Lloyd Gough	1907-09-21
0916131	Jack Webb	1920-04-02
0000018	Kirk Douglas	1916-12-09
0576127	Ralph Meeker	1920-11-21
0579663	Adolphe Menjou	1890-02-18
0534317	George Macready	1899-08-29
0606998	Wayne Morris	1914-02-17
0027323	Richard Anderson	1926-08-08
0877185	Joe Turkel	1927-07-15
0642988	Jack Oakie	1903-11-12
0306786	Reginald Gardiner	1903-02-27
0199787	Henry Daniell	1894-03-05
0317970	Billy Gilbert	1894-09-12
0354916	Grace Hayle	1888-07-24
0214924	Carter DeHaven	1886-10-05
0001167	Shelley Duvall	1949-07-07
0515950	Danny Lloyd	1972-10-13
0625167	Barry Nelson	1917-04-16
0832104	Philip Stone	1924-04-14
0000375	Robert Downey Jr.	1965-04-04
1165110	Chris Hemsworth	1983-08-11
0749263	Mark Ruffalo	1967-11-22
0262635	Chris Evans	1981-06-13
0000332	Don Cheadle	1964-11-29
1212722	Benedict Cumberbatch	1976-07-19
0000061	Tyrone Power	1914-05-05
0000017	Marlene Dietrich	1901-12-27
0001452	Charles Laughton	1899-07-01
0006471	Elsa Lanchester	1902-10-28
0002369	John Williams	1903-04-15
0938052	Ian Wolfe	1896-11-04
0001343	Carrie Henn	1976-05-07
0000299	Michael Biehn	1956-07-31
0000448	Lance Henriksen	1940-05-05
0000200	Bill Paxton	1955-05-17
0394054	William Hope	1955-03-02
4271336	Shameik Moore	1995-05-04
2159926	Jake Johnson	1978-05-28
2794962	Hailee Steinfeld	1996-12-11
0991810	Mahershala Ali	1974-02-16
3109964	Brian Tyree Henry	1982-03-31
0005499	Lily Tomlin	1939-09-01
0904967	Luna Lauren Velez	1964-11-02
0000906	Annette Bening	1958-05-29
0000301	Thora Birch	1982-03-11
0004747	Wes Bentley	1978-09-04
0002546	Mena Suvari	1979-02-13
0001251	Peter Gallagher	1955-08-19
0005049	Allison Janney	1959-11-19
0000634	Peter Sellers	1925-09-08
0001715	George C. Scott	1927-10-18
0943978	Keenan Wynn	1916-07-27
0001620	Slim Pickens	1919-06-29
0119988	Peter Bull	1912-03-21
0000469	James Earl Jones	1931-01-17
0004266	Anne Hathaway	1982-11-12
0182839	Marion Cotillard	1975-09-30
0158856	Choi Min-sik	1962-01-22
0949167	Yoo Ji-tae	1976-04-13
1367246	Kang Hye-jeong	1982-01-04
1366028	Kim Byeong-Ok	1960-10-11
1203041	Dae-han Ji	1969-01-01
1367681	Dal-su Oh	1968-06-15
1800416	Seung-shin Lee	1969-10-22
5939164	Zazie Beetz	1991-06-01
0175814	Frances Conroy	1953-03-15
0191442	Brett Cullen	1956-08-26
0924154	Shea Whigham	1969-01-05
0131966	Bill Camp	1964-10-22
0000719	F. Murray Abraham	1939-10-24
0001371	Tom Hulce	1953-12-06
0000931	Elizabeth Berridge	1962-05-02
0234541	Roy Dotrice	1923-05-26
0001003	Simon Callow	1949-06-13
0002056	Christine Ebersole	1953-02-21
0000470	Jeffrey Jones	1946-09-28
0491259	Mélanie Laurent	1983-02-21
0744834	Eli Roth	1972-04-18
1055413	Michael Fassbender	1977-04-02
1208167	Diane Kruger	1976-07-15
0117709	Daniel Brühl	1978-06-16
5645519	Anthony Gonzalez	2004-09-23
0305558	Gael García Bernal	1978-11-30
0000973	Benjamin Bratt	1963-12-16
0005513	Alanna Ubach	1975-10-03
0896149	Renee Victor	1900-01-01
0131781	Jaime Camil	1973-07-22
0000778	Alfonso Arau	1932-01-11
0000741	Tim Allen	1953-06-13
0725543	Don Rickles	1926-05-08
0001815	Jim Varney	1949-06-15
0001728	Wallace Shawn	1943-11-12
0001633	Annie Potts	1952-10-28
0732703	James Robinson	1983-09-06
0492566	Sean Lawlor	1954-01-25
0625729	Sandy Nelson	1970-12-02
0181920	James Cosmo	1948-05-24
0569336	Sean McGinley	1956-03-01
0848100	Alan Tall	1900-01-01
0918571	Andrew Weir	1980-12-26
0001638	Jürgen Prochnow	1941-06-10
0344963	Herbert Grönemeyer	1956-04-12
0921044	Klaus Wennemann	1940-12-18
0071059	Hubertus Bengsch	1952-07-10
0783847	Martin Semmelrogge	1955-12-08
0851427	Bernd Tauber	1950-05-07
0496441	Erwin Leder	1951-07-30
0719637	Jeremy Renner	1971-01-07
0001082	Billy Crudup	1968-07-08
0000671	Billy Bob Thornton	1955-08-04
0000378	Minnie Driver	1970-01-31
0224007	John DiMaggio	1968-09-04
0000132	Claire Danes	1979-04-12
0218555	John DeMita	1959-01-06
0000586	Jada Pinkett Smith	1971-09-18
0000249	James Woods	1947-04-18
0001527	Elizabeth McGovern	1961-07-18
0001852	Treat Williams	1951-12-01
0001839	Tuesday Weld	1943-08-27
0949350	Burt Young	1940-04-30
0000129	Tom Cruise	1962-07-03
0000174	Val Kilmer	1959-12-31
0000124	Jennifer Connelly	1970-12-12
1506981	Bashir Salahuddin	1976-06-30
0358316	Jon Hamm	1971-03-10
0663174	Charles Parnell	1900-01-01
0000255	Ben Affleck	1972-08-15
0001745	Stellan Skarsgård	1951-06-13
0585906	John Mighton	1957-10-02
0538259	Rachel Majorowski	1900-01-01
0565494	Colleen McCauley	1900-01-01
0000729	Casey Affleck	1975-08-12
4759838	Mone Kamishiraishi	1998-01-27
6954008	Ryô Narita	1993-11-22
2976492	Aoi Yûki	1992-03-27
4858403	Nobunaga Shimazaki	1900-01-01
5481013	Kaito Ishikawa	1993-10-13
4411190	Kanon Tani	2004-05-04
0001467	Jared Leto	1971-12-26
0005541	Marlon Wayans	1972-07-23
0001520	Christopher McDonald	1955-02-15
0489837	Louise Lasser	1939-04-11
0476040	Marcia Jean Kurtz	1900-01-01
0000037	Gene Kelly	1912-08-23
0640307	Donald O'Connor	1925-08-28
0001666	Debbie Reynolds	1932-04-01
0353405	Jean Hagen	1923-08-03
0593612	Millard Mitchell	1903-08-14
0001998	Cyd Charisse	1922-03-08
0288830	Douglas Fowley	1911-05-30
0000349	Joan Cusack	1962-10-11
0000885	Ned Beatty	1937-07-06
0000474	Michael Keaton	1951-09-05
0451148	Aamir Khan	1965-03-14
0534856	Madhavan	1970-06-01
0430817	Sharman Joshi	1979-04-28
0004626	Kareena Kapoor	1980-09-21
1224082	Boman Irani	1959-12-02
1437925	Omi Vaidya	1900-01-01
1587175	Mona Singh	1981-10-08
0434593	Kyôko Kagawa	1931-12-05
0586227	Tatsuya Mihashi	1923-11-02
0411146	Kenjirô Ishiyama	1903-10-10
0441399	Takeshi Katô	1929-05-24
0789970	Sebastian Shaw	1905-05-29
9862858	Zain Al Rafeea	2004-10-10
9862859	Yordanos Shiferaw	1900-01-01
9862860	Boluwatife Treasure Bankole	1900-01-01
10201625	Kawsar Al Haddad	1900-01-01
5765775	Fadi Yousef	1900-01-01
10201626	Cedra Izzam	1900-01-01
10201627	Alaa Chouchnieh	1900-01-01
0000120	Jim Carrey	1962-01-17
0000701	Kate Winslet	1975-10-05
0004423	Gerry Robert Byrne	1900-01-01
0000704	Elijah Wood	1981-01-28
0752876	Thomas Jay Ryan	1962-08-01
0011038	Jane Adams	1965-04-01
0001158	Keir Dullea	1936-05-30
0516972	Gary Lockwood	1937-02-21
0843213	William Sylvester	1922-01-31
0725220	Daniel Richter	1939-06-15
0744436	Leonard Rossiter	1926-10-21
0879239	Margaret Tyzack	1931-09-09
0064235	Robert Beatty	1909-10-19
0000172	Harvey Keitel	1939-05-13
0000514	Michael Madsen	1957-09-25
0001606	Chris Penn	1965-10-10
0000114	Steve Buscemi	1957-12-13
0862937	Lawrence Tierney	1919-03-15
0112207	Randy Brooks	1950-01-30
0586568	Mads Mikkelsen	1965-11-22
0488917	Thomas Bo Larsen	1963-11-27
5038871	Annika Wedderkopp	2004-12-14
5039026	Lasse Fogelstrøm	1996-05-15
0937622	Susse Wold	1938-11-17
0368482	Anne Louise Hassing	1967-09-17
1046521	Lars Ranthe	1969-08-26
0001072	Joseph Cotten	1905-05-15
0173827	Dorothy Comingore	1913-08-24
0001547	Agnes Moorehead	1900-12-06
0913095	Ruth Warrick	1916-06-29
0172615	Ray Collins	1889-12-10
0762557	Erskine Sanford	1885-11-19
0806041	Everett Sloane	1909-10-01
0470385	Aleksey Kravchenko	1969-10-10
0592500	Olga Mironova	1900-01-01
0490708	Liubomiras Laucevicius	1950-06-15
0046575	Vladas Bagdonas	1949-01-16
2496074	Jüri Lumiste	1957-07-16
0520660	Viktors Lorencs	1927-07-30
0704859	Kazimir Rabetsky	1900-01-01
0927145	Ellen Widmann	1894-12-15
0484737	Inge Landgut	1922-11-23
0921532	Otto Wernicke	1893-09-30
0519765	Theodor Loos	1883-05-18
0345073	Gustaf Gründgens	1899-12-22
0323479	Friedrich Gnaß	1892-11-13
0000564	Peter O'Toole	1932-08-02
0000063	Anthony Quinn	1915-04-21
0370144	Jack Hawkins	1910-09-14
0001725	Omar Sharif	1932-04-10
0001207	José Ferrer	1912-01-08
0703033	Anthony Quayle	1913-09-07
0000026	Cary Grant	1904-01-18
0001693	Eva Marie Saint	1924-07-04
0000051	James Mason	1909-05-15
0484829	Jessie Royce Landis	1896-11-25
0001991	Leo G. Carroll	1886-10-25
0404360	Josephine Hutchinson	1903-10-12
0643211	Philip Ober	1902-03-23
0001571	Kim Novak	1933-02-13
0000895	Barbara Bel Geddes	1922-10-31
0375738	Tom Helmore	1904-01-04
0428216	Henry Jones	1912-08-01
0047450	Raymond Bailey	1904-05-06
0179289	Ellen Corby	1911-06-03
0851582	Audrey Tautou	1976-08-09
0440913	Mathieu Kassovitz	1967-08-03
0749363	Rufus	1942-12-19
0186677	Lorella Cravotta	1958-04-09
0581014	Serge Merlin	1932-12-29
0213354	Jamel Debbouze	1975-06-18
0000532	Malcolm McDowell	1943-06-13
0535861	Patrick Magee	1922-03-31
0060988	Michael Bates	1920-12-04
0165049	Warren Clarke	1947-04-26
0166979	John Clive	1933-01-06
0180920	Adrienne Corri	1931-11-13
0240268	Carl Duering	1923-05-29
0000493	Jack Lemmon	1925-02-08
0000511	Shirley MacLaine	1934-04-24
0534045	Fred MacMurray	1908-08-30
0001827	Ray Walston	1914-11-02
0472816	Jack Kruschen	1922-03-20
0507081	David Lewis	1916-10-19
0390516	Hope Holiday	1930-11-30
0001766	Barbara Stanwyck	1907-07-16
0000064	Edward G. Robinson	1893-12-12
0356004	Porter Hall	1888-09-19
0372742	Jean Heather	1921-02-21
0694631	Tom Powers	1890-07-07
0056477	Byron Barr	1917-08-18
0385443	Shin'ichi Himori	1907-01-10
0848984	Haruo Tanaka	1912-03-25
0156928	Minoru Chiaki	1917-07-30
0643887	Miki Odagiri	1930-06-29
0383091	Bokuzen Hidari	1894-02-20
0945253	Minosuke Yamada	1893-01-01
0000546	Matthew Modine	1959-03-22
0000284	Adam Baldwin	1962-02-27
0000352	Vincent D'Onofrio	1959-06-30
0000388	R. Lee Ermey	1944-03-24
0002126	Dorian Harewood	1950-08-06
0397441	Kevyn Major Howard	1900-01-01
0397124	Arliss Howard	1954-10-18
4377526	Daveed Diggs	1982-01-24
0325989	Renée Elise Goldsberry	1971-01-02
2676147	Jonathan Groff	1985-03-26
1862960	Chris Jackson	1975-09-30
5093499	Jasmine Cephas Jones	1989-07-21
0592135	Lin-Manuel Miranda	1980-01-16
1502434	Leslie Odom Jr.	1981-08-06
0000874	Steven Bauer	1956-12-02
0000201	Michelle Pfeiffer	1958-04-29
0001512	Mary Elizabeth Mastrantonio	1958-11-17
0005162	Robert Loggia	1930-01-03
0173125	Miriam Colon	1936-08-20
0000056	Paul Newman	1925-01-26
0000602	Robert Redford	1936-08-18
0001727	Robert Shaw	1927-08-09
0001164	Charles Durning	1923-02-28
0107281	Eileen Brennan	1932-09-03
0332390	Harold Gould	1923-12-10
0000060	Gregory Peck	1916-04-05
0576345	John Megna	1952-11-09
0653942	Frank Overton	1918-03-12
0614677	Rosemary Murphy	1925-01-13
0925418	Ruth White	1914-04-24
0676349	Brock Peters	1927-07-02
0262745	Estelle Evans	1906-10-01
1323233	Mustafa Kamel	1900-01-01
4841645	Hussein Sami	1900-01-01
0320721	Rémy Girard	1950-08-10
0246386	Mélissa Désormeaux-Poulin	1900-01-01
0309945	Maxim Gaudette	1974-06-08
0108436	Dominique Briand	1942-10-16
0044073	Lubna Azabal	1973-08-15
0000799	Edward Asner	1929-11-15
0001626	Christopher Plummer	1929-12-13
2973712	Jordan Nagai	2000-02-05
0677037	Bob Peterson	1961-01-09
0005148	Delroy Lindo	1952-11-18
0710019	Jerome Ranft	1966-11-23
0000685	Jon Voight	1938-12-29
0893204	Diane Venora	1952-08-10
0000312	Amy Brenneman	1964-06-22
0007958	Diahnne Abbott	1945-05-01
0012524	Frank Adu	1937-04-25
0034519	Victor Argo	1934-11-05
0034082	Gino Ardito	1935-08-27
0043039	Garth Avery	1900-01-01
0001967	Peter Boyle	1935-10-18
0000983	Albert Brooks	1947-07-22
1818216	Payman Maadi	1970-01-01
0368689	Leila Hatami	1972-10-01
4299147	Sareh Bayat	1979-10-06
1486911	Shahab Hosseini	1974-02-03
4299072	Sarina Farhadi	1900-01-01
0953423	Merila Zare'i	1971-04-14
4297889	Ali-Asghar Shahbazi	1900-01-01
0002154	Alfred Abel	1879-03-12
0297054	Gustav Fröhlich	1902-03-21
0459030	Rudolf Klein-Rogge	1885-11-24
0003248	Fritz Rasp	1891-05-13
0084430	Erwin Biswanger	1896-11-26
0313447	Heinrich George	1893-10-09
0000107	Kim Basinger	1953-12-08
0000657	David Strathairn	1949-01-26
0011744	Ade	1900-01-01
0065307	William Beck	1900-01-01
0065874	Andy Beckwith	1900-01-01
0001971	Ewen Bremner	1972-01-23
0118473	Jason Buckham	1900-01-01
0134774	Mickey Cantwell	1900-01-01
0172577	Nicola Collins	1900-01-01
0000246	Bruce Willis	1955-03-19
0000889	Bonnie Bedelia	1948-03-25
0001817	Reginald VelJohnson	1952-08-16
0322339	Paul Gleason	1939-05-04
0924636	De'voreaux White	1965-08-06
0040472	William Atherton	1947-07-30
0000952	Hart Bochner	1956-10-03
0536009	Lamberto Maggiorani	1909-08-28
0821543	Enzo Staiola	1939-11-15
0136794	Lianella Carell	1927-05-06
0022821	Elena Altieri	1910-07-07
0759031	Gino Saltamerenda	1902-06-02
0157058	Giulio Chiari	1900-01-01
0031509	Vittorio Antonucci	1900-01-01
0000125	Sean Connery	1930-08-25
0233145	Alison Doody	1966-11-11
0002103	Julian Glover	1935-03-27
0000203	River Phoenix	1970-08-23
2835616	Dean-Charles Chapman	1997-09-07
1126657	George MacKay	1992-03-13
0990547	Daniel Mays	1978-03-31
0000147	Colin Firth	1960-09-10
2553988	Pip Carter	1900-01-01
5121393	Andy Apollo	1900-01-01
4078775	Paul Tinto	1900-01-01
2594301	Darsheel Safary	1997-03-09
1538116	Tisca Chopra	1973-11-01
1479650	Vipin Sharma	1962-02-18
3222518	Sachet Engineer	1900-01-01
2540053	Tanay Chheda	1996-06-27
2896015	Lalitha Lajmi	1900-01-01
0004486	Bruno Ganz	1941-03-22
0487884	Alexandra Maria Lara	1978-11-12
0362896	Corinna Harfouch	1954-10-16
0559890	Ulrich Matthes	1959-05-09
0477810	Juliane Köhler	1965-08-06
0272224	Heino Ferch	1963-08-18
0075321	Christian Berkel	1957-10-28
0002231	Gian Maria Volontè	1933-04-09
0472756	Mara Krupp	1935-10-26
0001428	Klaus Kinski	1926-10-18
8621588	Luis Rodríguez	1900-01-01
0760778	Fatima Sana Shaikh	1992-01-11
7621667	Sanya Malhotra	1992-02-25
2799219	Sakshi Tanwar	1973-01-12
6269780	Aparshakti Khurana	1987-11-18
7621668	Zaira Wasim	2000-10-23
7621669	Suhani Bhatnagar	1900-01-01
0005017	Katie Holmes	1978-12-18
0929489	Tom Wilkinson	1948-02-05
0001067	Jackie Coogan	1914-10-26
0588033	Carl Miller	1894-08-09
0701012	Edna Purviance	1895-10-21
0042317	Albert Austin	1882-12-13
0047800	Beulah Bains	1905-01-01
0048798	Nellie Bly Baker	1893-09-07
0000054	Marilyn Monroe	1926-06-01
0000348	Tony Curtis	1925-06-03
0706368	George Raft	1901-09-26
0002285	Pat O'Brien	1899-11-11
0113873	Joe E. Brown	1891-07-28
0675490	Nehemiah Persoff	1919-08-02
1469236	Olivia Colman	1974-01-30
0000164	Anthony Hopkins	1937-12-31
0309693	Mark Gatiss	1966-10-17
0931404	Olivia Williams	1968-07-26
1782299	Imogen Poots	1989-06-03
0001722	Rufus Sewell	1967-10-29
0223499	Ayesha Dharker	1977-01-01
0000012	Bette Davis	1908-04-05
0000879	Anne Baxter	1923-05-07
0001695	George Sanders	1906-07-03
0002141	Celeste Holm	1917-04-29
0581282	Gary Merrill	1915-08-02
0549280	Hugh Marlowe	1911-01-30
0711855	Gregory Ratoff	1897-04-20
0001557	Viggo Mortensen	1958-10-20
0004802	Linda Cardellini	1975-06-25
1724319	Sebastian Maniscalco	1973-07-08
1221253	Dimiter D. Marinov	1900-01-01
2273391	Mike Hatton	1978-10-28
0126260	P.J. Byrne	1974-12-15
1706767	Jonah Hill	1983-12-20
3053338	Margot Robbie	1990-07-02
0151419	Kyle Chandler	1965-09-17
0001661	Rob Reiner	1947-03-06
1256532	Jon Bernthal	1976-09-20
0000075	Spencer Tracy	1900-04-05
0000044	Burt Lancaster	1913-11-02
0001847	Richard Widmark	1914-12-26
0001703	Maximilian Schell	1930-12-08
0000023	Judy Garland	1922-06-10
0001050	Montgomery Clift	1920-10-17
0855417	Akira Terao	1947-05-18
0628704	Jinpachi Nezu	1947-12-01
0753480	Daisuke Ryû	1957-02-14
7014801	Mieko Harada	1958-12-26
0594523	Yoshiko Miyazaki	1958-12-11
0407030	Hisashi Igawa	1936-11-17
0000232	Sharon Stone	1958-03-10
0454418	Alan King	1927-12-26
1419440	Ivana Baquero	1994-06-11
0530365	Sergi López	1965-12-22
0893941	Maribel Verdú	1970-10-02
0427964	Doug Jones	1960-05-24
0317725	Ariadna Gil	1969-01-23
0029962	Álex Angulo	1953-04-12
1254805	Manolo Solo	1964-01-01
0000432	Gene Hackman	1930-01-30
0941316	Jaimz Woolvett	1967-04-14
0007210	Saul Rubinek	1948-07-02
0004920	Frances Fisher	1952-05-11
0000358	Daniel Day-Lewis	1957-04-29
2872491	Martin Stringer	1900-01-01
2872058	Matthew Braden Stringer	1900-01-01
2871845	Jacob Stringer	1900-01-01
2872133	Joseph Mussey	1900-01-01
0215916	Barry Del Sherman	1962-11-10
2871955	Harrison Taylor	1900-01-01
0001473	Laura Linney	1964-02-05
0001187	Noah Emmerich	1965-02-27
0001523	Natascha McElhone	1969-12-14
0852466	Holland Taylor	1943-01-14
0216507	Brian Delate	1949-04-08
1405242	Blair Slater	1900-01-01
0005286	Haley Joel Osment	1988-04-10
0001057	Toni Collette	1972-11-01
0605080	Trevor Morgan	1986-11-26
0005531	Donnie Wahlberg	1969-08-17
0848534	Peter Anthony Tambakis	1984-02-15
4043618	Tom Holland	1996-06-01
3918035	Zendaya	1996-09-01
8188622	Jacob Batalon	1996-10-09
0269463	Jon Favreau	1966-10-19
0000353	Willem Dafoe	1955-07-22
0000438	Ed Harris	1950-11-28
0079273	Paul Bettany	1971-05-27
0524197	Josh Lucas	1971-06-20
0001037	Graham Chapman	1941-01-08
0000092	John Cleese	1939-10-27
0001385	Eric Idle	1943-03-29
0000416	Terry Gilliam	1940-11-22
0001402	Terry Jones	1942-02-01
0001589	Michael Palin	1943-05-05
0095665	Connie Booth	1940-12-02
0875362	Yôko Tsukasa	1934-08-20
0945222	Isuzu Yamada	1917-02-05
0442951	Seizaburô Kawazu	1908-08-31
0001884	Max von Sydow	1929-04-10
0931329	Michelle Williams	1980-09-09
0607865	Emily Mortimer	1971-10-06
0165101	Patricia Clarkson	1959-12-29
0404158	Walter Huston	1883-04-05
0392529	Tim Holt	1919-02-05
0071636	Bruce Bennett	1906-05-19
0533692	Barton MacLane	1902-12-25
0066166	Alfonso Bedoya	1904-04-16
0815495	Arturo Soto Rangel	1882-03-12
0000554	Sam Neill	1947-09-14
0000368	Laura Dern	1967-02-10
0000156	Jeff Goldblum	1952-10-22
0000277	Richard Attenborough	1923-08-29
0669629	Bob Peck	1945-08-23
0274684	Martin Ferrero	1947-09-29
0000703	BD Wong	1960-10-24
0477553	Machiko Kyô	1924-03-25
0605270	Masayuki Mori	1911-01-13
0879918	Kichijirô Ueda	1904-03-10
0393352	Noriko Honma	1911-11-29
0000537	Steve McQueen	1930-03-24
0001258	James Garner	1928-04-07
0232019	James Donald	1917-05-18
0000587	Donald Pleasence	1919-10-05
0000336	James Coburn	1928-08-31
0000235	Uma Thurman	1970-04-29
0005154	Lucy Liu	1968-12-02
0000407	Vivica A. Fox	1964-07-30
0000435	Daryl Hannah	1960-12-03
0001016	David Carradine	1936-12-08
0237838	Julie Dreyfus	1966-01-24
0000169	Tommy Lee Jones	1946-09-15
0000849	Javier Bardem	1969-03-01
0000982	Josh Brolin	1968-02-12
0000437	Woody Harrelson	1961-07-23
0531808	Kelly Macdonald	1976-02-23
0226813	Garret Dillahunt	1964-11-24
0002128	Tess Harper	1950-08-15
0001122	Ellen DeGeneres	1958-01-26
1071252	Alexander Gould	1994-05-04
0004951	Brad Garrett	1960-04-14
0671721	Austin Pendleton	1940-03-27
0000621	Kurt Russell	1951-03-17
0000979	Wilford Brimley	1934-09-27
0141953	T.K. Carter	1956-12-18
0166359	David Clennon	1943-05-10
0202966	Keith David	1956-06-04
0246004	Richard Dysart	1929-03-30
0356251	Charles Hallahan	1943-07-29
0000843	Anne Bancroft	1931-09-17
0000024	John Gielgud	1904-04-14
0384908	Wendy Hiller	1912-08-15
0428086	Freddie Jones	1927-09-12
0255573	Michael Elphick	1946-09-19
0001159	Faye Dunaway	1941-01-14
0001379	John Huston	1906-08-05
0520164	Perry Lopez	1929-07-22
0384916	John Hillerman	1932-12-20
0959022	Darrell Zwerling	1928-09-09
0002663	Diane Ladd	1935-11-29
0001550	Cathy Moriarty	1960-11-29
0898634	Frank Vincent	1937-04-15
0170225	Nicholas Colasanto	1924-01-19
0757854	Theresa Saldana	1954-08-20
0002869	Mario Gallo	1923-03-22
0001653	Stephen Rea	1946-10-31
0000410	Stephen Fry	1957-08-24
0683116	Tim Pigott-Smith	1946-05-13
0001291	Rupert Graves	1963-06-30
0641966	Barbara O'Neil	1910-07-17
0000046	Vivien Leigh	1913-11-05
0450810	Evelyn Keyes	1916-11-20
0751946	Ann Rutherford	1917-11-02
0001660	George Reeves	1914-01-05
0186347	Fred Crane	1918-03-22
0688132	Amy Poehler	1971-09-16
0809613	Phyllis Smith	1951-07-10
0454236	Richard Kind	1956-11-22
0352778	Bill Hader	1978-06-07
0085400	Lewis Black	1948-08-30
1411676	Mindy Kaling	1979-06-24
4609731	Kaitlyn Dias	1999-05-11
0002076	Jason Flemyng	1966-09-25
0002077	Dexter Fletcher	1966-01-31
0602941	Nick Moran	1969-12-23
0005458	Jason Statham	1967-07-26
0533599	Steven Mackintosh	1967-04-30
0746583	Nicholas Rowe	1966-11-22
0546017	Nick Marcq	1900-01-01
0001537	Ray Milland	1907-01-03
0191950	Robert Cummings	1910-06-09
0206060	Anthony Dawson	1916-10-18
0110063	Leo Britt	1908-03-27
0019996	Patrick Allen	1927-03-17
0897845	Soledad Villamil	1969-06-19
0201857	Ricardo Darín	1957-01-16
3587952	Carla Quevedo	1988-04-23
0706567	Pablo Rago	1972-09-24
1024390	Javier Godino	1978-03-11
3588006	Bárbara Palladino	1900-01-01
3587916	Rudy Romano	1900-01-01
0047962	Chieko Baishô	1941-06-29
0454120	Takuya Kimura	1972-11-13
0594271	Akihiro Miwa	1935-05-15
0410659	Mitsunori Isaki	1977-03-17
1126978	Yô Ôizumi	1973-04-03
0370564	Sessue Hayakawa	1886-06-10
0395012	Geoffrey Horne	1933-08-22
0603682	André Morell	1909-08-20
0000531	Frances McDormand	1957-06-23
2655177	Caleb Landry Jones	1989-12-07
0174403	Kerry Condon	1983-01-09
0005377	Sam Rockwell	1968-11-05
6019128	Alejandro Barrios	1900-01-01
4654982	Jason Ledford	1900-01-01
2888524	Darrell Britt-Gibson	1900-01-01
0000191	Ewan McGregor	1971-03-31
0001538	Jonny Lee Miller	1972-11-15
0571727	Kevin McKidd	1973-08-09
0001015	Robert Carlyle	1961-04-14
0611932	Peter Mullan	1959-11-02
0249291	Joel Edgerton	1974-06-23
0000560	Nick Nolte	1941-02-08
0607185	Jennifer Morrison	1979-04-12
0342029	Frank Grillo	1965-06-08
0242656	Kevin Dunn	1956-08-24
0380073	Maximiliano Hernández	1973-09-12
1542291	Christopher Carley	1978-05-31
3057402	Bee Vang	1991-11-04
3115704	Ahney Her	1900-01-01
0355083	Brian Haley	1963-02-12
0400625	Geraldine Hughes	1970-01-01
2439111	Dreama Walker	1986-06-20
0000513	William H. Macy	1950-03-13
0001780	Peter Stormare	1953-08-27
0749021	Kristin Rudrüd	1955-05-23
0696193	Harve Presnell	1933-09-14
0219301	Tony Denman	1979-10-22
0396828	Gary Houston	1900-01-01
0350453	Jake Gyllenhaal	1980-12-19
0205626	Viola Davis	1965-08-11
0004742	Maria Bello	1967-04-18
0005024	Terrence Howard	1969-03-11
0502425	Melissa Leo	1960-09-14
0200452	Paul Dano	1984-06-19
0383022	Noriko Hidaka	1962-05-31
0757076	Chika Sakamoto	1959-08-17
0411790	Shigesato Itoi	1948-11-10
0793585	Sumi Shimamoto	1954-12-08
0457498	Tanie Kitabayashi	1911-05-21
0847054	Hitoshi Takagi	1925-02-26
1361762	Hiroko Maruyama	1946-10-22
0005476	Hilary Swank	1974-07-30
0059431	Jay Baruchel	1982-04-09
1591496	Mike Colter	1976-08-26
0726900	Lucia Rijker	1967-12-07
0639928	Brían F. O'Byrne	1967-05-16
0000686	Christopher Walken	1943-03-31
0000882	Nathalie Baye	1948-07-06
0010736	Amy Adams	1974-08-20
0000981	James Brolin	1940-07-18
0619870	Mohammad Amir Naji	1900-01-01
0268488	Amir Farrokh Hashemian	1900-01-01
0781245	Bahare Seddiqi	1900-01-01
0415412	Nafise Jafar-Mohammadi	1900-01-01
0764710	Fereshte Sarabandi	1900-01-01
0592395	Kamal Mirkarimi	1900-01-01
0706325	Behzad Rafi	1900-01-01
0841501	Mack Swain	1876-02-16
0615306	Tom Murray	1873-09-08
0906618	Malcolm Waite	1892-05-07
0354913	Georgia Hale	1900-06-25
1033900	Jack Adams	1879-09-08
0000442	Rutger Hauer	1944-01-23
0000707	Sean Young	1959-11-20
0001579	Edward James Olmos	1947-02-24
0001826	M. Emmet Walsh	1935-03-22
0761836	William Sanderson	1944-01-10
0001500	Karl Malden	1912-03-22
0001768	Rod Steiger	1925-04-14
0377416	Pat Henning	1908-07-05
0002063	Leif Erickson	1911-10-27
0922599	James Westerfield	1913-03-22
0000160	Ethan Hawke	1970-11-06
0000365	Julie Delpy	1969-12-21
0248600	Andrea Eckert	1958-09-17
0702541	Hanno Pöschl	1949-07-02
0115690	Karl Bruckschwaiger	1900-01-01
0748239	Tex Rubinowitz	1961-12-05
0542278	Erni Mangold	1927-01-25
0252230	Chiwetel Ejiofor	1977-07-10
4833412	Dwight Henry	1963-02-19
6003176	Dickie Gravois	1900-01-01
0061262	Bryan Batt	1963-03-01
1788122	Ashley Dyke	1900-01-01
0779427	Kelsey Scott	1900-01-01
4832920	Quvenzhané Wallis	2003-08-28
0002091	Michael Gambon	1940-10-19
0000614	Alan Rickman	1946-02-21
0705356	Daniel Radcliffe	1989-07-23
0342488	Rupert Grint	1988-08-24
0914612	Emma Watson	1990-04-15
2121541	Evanna Lynch	1991-08-16
0000032	Charlton Heston	1923-10-04
0361823	Haya Harareet	1931-09-20
0000963	Stephen Boyd	1931-07-04
0341518	Hugh Griffith	1912-05-30
0779549	Martha Scott	1912-09-22
0640732	Cathy O'Donnell	1923-07-06
0803705	Victor Sjöström	1879-09-20
0000761	Bibi Andersson	1935-11-11
0862026	Ingrid Thulin	1926-01-27
0085038	Gunnar Björnstrand	1909-11-13
0454247	Jullan Kindahl	1885-04-12
0839212	Folke Sundquist	1925-11-04
0084761	Björn Bjelfvenstam	1929-02-19
0885098	Alida Valli	1921-05-31
0000080	Orson Welles	1915-05-06
0002145	Trevor Howard	1913-09-29
0405977	Paul Hörbiger	1894-04-29
0222074	Ernst Deutsch	1890-09-16
0690691	Erich Ponto	1884-12-14
0683253	Rosamund Pike	1979-01-01
0000439	Neil Patrick Harris	1973-06-15
1347153	Tyler Perry	1969-09-14
4689420	Carrie Coon	1981-01-24
0225332	Kim Dickens	1965-06-18
0297578	Patrick Fugit	1982-10-27
0000036	Buster Keaton	1895-10-04
0533045	Marion Mack	1902-04-08
0147070	Glen Cavender	1883-09-19
0267650	Jim Farley	1882-01-08
0089162	Frederick Vroom	1857-11-11
1070961	Frank Barnes	1898-07-31
0807667	Charles Henry Smith	1866-07-12
0023832	Mathieu Amalric	1965-10-25
0001698	John Savage	1949-08-25
0000658	Meryl Streep	1949-06-22
0001169	George Dzundza	1945-07-19
0039625	Chuck Aspegren	1900-01-01
0188949	Alison Crosbie	1900-01-01
2535022	Philip King	1900-01-01
0000668	Emma Thompson	1959-04-15
0380248	Nye Heron	1952-06-25
0112390	Anthony Brophy	1900-01-01
0564525	Frankie McCafferty	1967-01-01
0641939	Ryan O'Neal	1941-04-20
0001943	Marisa Berenson	1947-02-15
0473228	Hardy Krüger	1928-04-12
0000925	Steven Berkoff	1937-08-03
0357864	Gay Hamilton	1943-04-29
0443811	Marie Kean	1918-06-27
0598971	Yves Montand	1921-10-13
0889024	Charles Vanel	1892-08-21
0525793	Folco Lulli	1912-07-03
0886870	Peter van Eyck	1911-07-16
0167243	Véra Clouzot	1913-12-30
0875630	William Tubbs	1907-05-10
0603916	Darío Moreno	1921-04-03
0005403	Jason Schwartzman	1980-06-26
0429069	Rashida Jones	1976-02-25
0766005	Will Sasso	1975-05-24
10520267	Neda Margrethe Labba	1900-01-01
0655053	Sergio Pablos	1900-01-01
0005172	Norm MacDonald	1959-10-17
1940449	Andrew Garfield	1983-08-20
1372922	Richard Pyros	1900-01-01
5681790	Jacob Warner	1900-01-01
5490799	Milo Gibson	1990-11-16
7779500	Darcy Bryce	1900-01-01
7737266	Roman Guerriero	1900-01-01
0525281	James Lugton	1900-01-01
0000795	Jean Arthur	1900-10-17
0036427	Edward Arnold	1890-02-18
0452128	Guy Kibbee	1882-03-06
0657874	Eugene Pallette	1889-07-08
0570230	Kathryn McGuire	1903-12-06
0444172	Joe Keaton	1867-07-06
0175068	Erwin Connelly	1878-01-14
0186440	Ward Crane	1890-05-18
0175075	Jane Connelly	1883-05-02
0204639	George Davis	1889-11-07
1235292	Kim Sang-kyung	1972-06-01
1323287	Roe-ha Kim	1965-11-15
1138201	Jae-ho Song	1937-03-10
1322404	Byun Hee-Bong	1942-06-08
1325300	Seo-hie Ko	1977-02-28
3797160	Tae-ho Ryu	1900-01-01
0334882	Darío Grandinetti	1959-03-05
0555404	María Marull	1973-04-02
0897640	Mónica Villa	1954-01-01
0823435	Diego Starosta	1900-01-01
1254515	Marcelo Frasca	1900-01-01
3004685	Lucila Mangone	1900-01-01
3692508	María Laura Caccamo	1900-01-01
0252345	Bengt Ekerot	1920-02-08
0691555	Nils Poppe	1908-05-31
0318676	Inga Gill	1925-05-02
0361458	Maud Hansson	1937-12-05
0488953	Brie Larson	1989-10-01
5016878	Jacob Tremblay	2006-10-05
0108703	Sean Bridgers	1968-03-03
0187724	Wendy Crewson	1956-05-09
3223622	Sandy McMaster	1900-01-01
0330438	Matt Gordon	1900-01-01
0115760	Amanda Brugel	1978-03-24
0000234	Charlize Theron	1975-08-07
0396558	Nicholas Hoult	1989-12-07
0117412	Hugh Keays-Byrne	1947-05-18
2890541	Josh Helman	1986-02-22
0428923	Nathan Jones	1969-08-21
2368789	Zoë Kravitz	1988-12-01
1814260	Christopher Massey	1990-01-26
8784422	Oliver Marks	1900-01-01
8784423	Daisy Kocher	1900-01-01
10928013	Daniel Marks	1900-01-01
0400635	Hamish Hughes	1900-01-01
0230555	Dan Doherty	1900-01-01
0287054	Julie Forsyth	1900-01-01
0124930	Gerard Butler	1969-11-13
0272401	Craig Ferguson	1962-05-17
1065229	America Ferrera	1984-04-18
2395586	Christopher Mintz-Plasse	1989-06-20
2554352	T.J. Miller	1981-06-04
0000313	Jeff Bridges	1949-12-04
0000422	John Goodman	1952-06-20
0000194	Julianne Moore	1960-12-03
0399663	David Huddleston	1930-09-17
0000450	Philip Seymour Hoffman	1967-07-23
0005346	Tara Reid	1975-11-08
0000345	Billy Crystal	1948-03-14
0316701	Mary Gibbs	1996-10-05
0000236	Jennifer Tilly	1958-09-16
0001702	Roy Scheider	1932-11-10
0000377	Richard Dreyfuss	1947-10-29
0308882	Lorraine Gary	1937-08-16
0358069	Murray Hamilton	1923-03-24
0331956	Carl Gottlieb	1938-03-18
0469552	Jeffrey Kramer	1945-07-15
0000245	Robin Williams	1951-07-21
0000494	Robert Sean Leonard	1969-02-28
0001038	Josh Charles	1971-09-15
0360796	Gale Hansen	1960-01-01
0476378	Dylan Kussman	1971-01-21
0749456	Allelon Ruggiero	1971-03-05
0266029	Maria Falconetti	1892-07-21
0798564	Eugene Silvain	1851-01-17
0075551	André Berley	1880-01-13
0776914	Maurice Schutz	1866-08-04
0753479	Chishû Ryû	1904-05-13
0383261	Chieko Higashiyama	1890-09-30
0361697	Setsuko Hara	1920-06-17
0837503	Haruko Sugimura	1909-01-06
0945522	Sô Yamamura	1910-02-24
0594381	Kuniko Miyake	1916-09-17
1796730	Xolani Mali	1900-01-01
0239221	Desmond Dube	1969-01-25
0434444	Hakeem Kae-Kazim	1962-10-01
0450961	Tony Kgoroge	1900-01-01
1566587	Rosie Motene	1900-01-01
1791933	Neil McCarthy	1900-01-01
1495520	Caitríona Balfe	1979-10-04
7415871	Noah Jupe	2005-02-25
0504832	Tracy Letts	1965-07-04
0000230	Sylvester Stallone	1946-07-06
0001835	Carl Weathers	1948-01-14
0580565	Burgess Meredith	1907-11-16
0203076	Thayer David	1927-03-04
0818874	Joe Spinell	1936-10-28
0001845	Forest Whitaker	1961-07-15
0005331	Francesco Quinn	1963-03-22
0001143	Kevin Dillon	1965-08-19
0001525	John C. McGinley	1959-08-03
0426047	Reggie Johnson	1900-01-01
0608601	Mark Moses	1958-02-25
0000397	Corey Feldman	1971-07-16
0005278	Jerry O'Connell	1974-02-17
0000662	Kiefer Sutherland	1966-12-21
0797150	Casey Siemaszko	1961-03-17
0727037	Gary Riley	1963-11-19
0934902	Paul Winfield	1939-05-22
0001685	Rick Rossovich	1957-08-28
0609477	Bess Motta	1958-02-10
1046097	Rachel McAdams	1978-11-17
0000630	Liev Schreiber	1967-10-04
0805476	John Slattery	1962-08-13
0195421	Brian d'Arcy James	1968-06-29
0001804	Stanley Tucci	1960-11-11
0001772	Patrick Stewart	1940-07-13
6748436	Dafne Keen	2005-01-04
2933542	Boyd Holbrook	1981-09-01
0580351	Stephen Merchant	1974-11-24
0735300	Elizabeth Rodriguez	1980-12-27
0001290	Richard E. Grant	1957-05-05
0052333	Kanu Bannerjee	1905-06-20
0052334	Karuna Bannerjee	1919-12-25
0222447	Chunibala Devi	1872-01-01
0201871	Uma Das Gupta	1900-01-01
0052343	Subir Banerjee	1900-01-01
0051846	Runki Banerjee	1900-01-01
0222480	Reba Devi	1911-02-11
0652663	Patton Oswalt	1969-01-27
0738918	Lou Romano	1972-04-15
0001133	Brian Dennehy	1938-07-09
0812307	Peter Sohn	1977-10-18
1312575	Olivia Wilde	1984-03-10
0269419	Pierfrancesco Favino	1969-08-24
0129464	David Calder	1946-08-01
1754059	Natalie Dormer	1982-02-11
0002075	Peter Finch	1916-09-28
0011741	Wesley Addy	1913-08-04
0121386	Arthur Burghardt	1947-01-01
0386472	Emile Hirsch	1985-03-13
0001315	Marcia Gay Harden	1959-08-14
0000458	William Hurt	1950-03-20
0540441	Jena Malone	1984-11-21
1619626	Brian H. Dierker	1900-01-01
0001416	Catherine Keener	1959-03-23
0000681	Vince Vaughn	1970-03-28
0604656	Frank Morgan	1890-06-01
0001961	Ray Bolger	1904-01-10
0481618	Bert Lahr	1895-08-13
0355095	Jack Haley	1897-08-10
0000992	Billie Burke	1884-08-07
0002121	Margaret Hamilton	1902-12-09
0229943	Vernon Dobtcheff	1934-08-14
1195302	Louise Lemoine Torrès	1900-01-01
0667416	Rodolphe Pauly	1979-12-06
1242048	Mariane Plasteig	1900-01-01
1578895	Diabolo	1900-01-01
0000195	Bill Murray	1950-09-21
0000510	Andie MacDowell	1958-04-21
0254402	Chris Elliott	1960-05-31
0236519	Brian Doyle-Murray	1945-10-31
0313882	Marita Geraghty	1962-03-26
0665708	Angela Paton	1930-01-11
0935345	Kitty Winn	1943-02-21
0532290	Jack MacGowran	1918-10-13
0588553	Jason Miller	1939-04-22
0000304	Linda Blair	1959-01-22
0001485	Myrna Loy	1905-08-02
0545298	Fredric March	1897-08-31
0000763	Dana Andrews	1909-01-01
0942863	Teresa Wright	1918-10-27
0562920	Virginia Mayo	1920-11-30
0005994	Hoagy Carmichael	1899-11-22
0005266	Craig T. Nelson	1944-04-04
0000456	Holly Hunter	1958-03-20
0005134	Jason Lee	1970-04-25
0521861	Dominique Louis	1967-03-15
0628599	Teddy Newton	1964-03-03
0801548	Jean Sincere	1919-08-16
1421814	Suriya	1975-07-23
7934649	Lijo Mol Jose	1992-01-01
8904193	Manikandan K.	1900-01-01
8135195	Rajisha Vijayan	1991-07-15
0695177	Prakash Raj	1965-03-26
3559559	Rao Ramesh	1968-04-21
5626435	Guru Somasundaram	1975-09-03
0000706	Michelle Yeoh	1962-08-06
3513533	Stephanie Hsu	1990-11-25
0702841	Ke Huy Quan	1971-08-20
0393222	James Hong	1929-02-22
0000130	Jamie Lee Curtis	1958-11-22
3303059	Tallie Medel	1986-05-10
2809577	Jenny Slate	1982-03-25
0352835	Brahim Hadjadj	1900-01-01
0552483	Jean Martin	1922-03-06
0754272	Yacef Saadi	1928-01-20
0449197	Samia Kerbash	1900-01-01
0657597	Ugo Paletti	1900-01-01
0252678	Fusia El Kader	1900-01-01
0069934	Mohamed Ben Kassen	1900-01-01
0001479	Carole Lombard	1908-10-06
0000912	Jack Benny	1894-02-14
0821041	Robert Stack	1919-01-13
0107795	Felix Bressart	1892-03-02
0041172	Lionel Atwill	1885-03-01
0725897	Stanley Ridges	1890-07-17
0750079	Sig Ruman	1884-10-11
0000152	Richard Gere	1949-08-31
0000260	Joan Allen	1956-08-20
0846480	Cary-Hiroyuki Tagawa	1950-09-27
2105255	Sarah Roemer	1984-08-28
0004517	Jason Alexander	1959-09-23
0042805	Erick Avari	1952-04-13
0568672	Davenia McFadden	1961-02-21
0000136	Johnny Depp	1963-06-09
0001691	Geoffrey Rush	1951-07-06
0461136	Keira Knightley	1985-03-26
0202603	Jack Davenport	1973-03-01
0000596	Jonathan Pryce	1947-06-01
0034305	Lee Arenberg	1962-07-18
0002034	Jane Darwell	1879-10-15
0001017	John Carradine	1906-02-05
0335788	Charley Grapewin	1869-12-20
0100758	Dorris Bowdon	1914-12-27
0801193	Russell Simpson	1880-06-17
0925713	O.Z. Whitehead	1911-03-01
0248408	Emilio Echevarría	1900-01-01
0865949	Goya Toledo	1969-09-24
0346270	Álvaro Guerrero	1900-01-01
0061639	Vanessa Bauche	1973-02-18
0758364	Jorge Salinas	1968-07-27
0702270	Marco Pérez	1900-01-01
0000059	Laurence Olivier	1907-05-22
0000021	Joan Fontaine	1917-10-22
0000752	Judith Anderson	1897-02-10
0115558	Nigel Bruce	1895-02-04
0219666	Reginald Denny	1891-11-20
0807580	C. Aubrey Smith	1863-07-21
0001993	Vincent Cassel	1966-11-23
0468003	Hubert Koundé	1970-12-30
0846548	Saïd Taghmaoui	1973-07-19
0315760	Abdel Ahmed Ghili	1900-01-01
0813217	Solo	1966-08-26
0597384	Joseph Momo	1900-01-01
0712205	Héloïse Rauth	1978-05-06
1002038	Çetin Tekindor	1945-07-16
0476334	Fikret Kuskan	1965-04-22
0406157	Hümeyra	1947-10-10
2020015	Ege Tanman	1998-02-26
0783072	Serif Sezer	1943-12-12
1698738	Yetkin Dikinciler	1969-08-15
1300254	Binnur Kaya	1972-04-19
0001421	George Kennedy	1925-02-18
0134201	J.D. Cannon	1922-04-24
0031398	Lou Antonio	1934-01-23
0238105	Robert Drivas	1935-11-21
0001510	Strother Martin	1919-03-26
0886888	Jo Van Fleet	1915-12-29
0529543	Jean-Pierre Léaud	1944-05-28
0561158	Claire Maurier	1929-03-27
0753716	Albert Rémy	1915-04-09
0213948	Guy Decomble	1910-11-12
0280961	Georges Flamant	1903-09-03
0041756	Patrick Auffay	1900-01-01
0184309	Daniel Couturier	1900-01-01
3892241	Kim Tae-ri	1990-04-24
1079857	Yong-nyeo Lee	1900-01-01
8621196	Min-chae Yoo	1900-01-01
6771561	Dong-hwi Lee	1985-07-22
1390122	Kim Hae-sook	1955-12-30
1195119	Kim Min-hee	1982-03-01
1978402	Ha Jung-woo	1978-03-11
0000022	Clark Gable	1901-02-01
0001055	Claudette Colbert	1903-09-13
0175369	Walter Connolly	1887-04-08
0439850	Roscoe Karns	1891-09-07
0858977	Jameson Thomas	1888-03-24
0002118	Alan Hale	1892-02-10
0398446	Arthur Hoyt	1873-03-19
0000267	Julie Andrews	1935-10-01
0662223	Eleanor Parker	1922-06-26
0370821	Richard Haydn	1905-03-10
0939931	Peggy Wood	1892-02-09
0139642	Charmian Carr	1942-12-27
0579991	Heather Menzies-Urich	1949-12-03
0880521	Liv Ullmann	1938-12-16
0472234	Margaretha Krook	1925-10-15
0512502	Jörgen Lindström	1951-05-19
0063027	Terence Bayler	1930-01-24
0813272	Yuriy Solomin	1935-06-18
0613364	Maksim Munzuk	1910-05-02
0125730	Mikhail Bychkov	1950-06-21
1276196	Vladimir Khrulyov	1941-03-15
6210352	V. Lastochkin	1900-01-01
6210353	Stanislav Marin	1900-01-01
0843102	Igor Sykhra	1949-04-17
0918334	Scott Weinger	1975-10-05
0488306	Linda Larkin	1970-03-20
0293455	Jonathan Freeman	1950-02-05
0919798	Frank Welker	1946-03-12
0331906	Gilbert Gottfried	1955-02-28
0780528	Douglas Seale	1913-10-28
1297015	Emma Stone	1988-11-06
0397171	Bryce Dallas Howard	1981-03-02
0818055	Octavia Spencer	1970-05-25
1567113	Jessica Chastain	1977-03-24
1501738	Ahna O'Reilly	1984-09-21
0368990	Rohini Hattangadi	1955-04-11
0786022	Roshan Seth	1942-04-02
0000298	Candice Bergen	1946-05-09
0002081	Edward Fox	1937-04-13
0000098	Jennifer Aniston	1969-02-11
0001065	Harry Connick Jr.	1967-09-11
0304000	James Gammon	1940-04-20
0001458	Cloris Leachman	1926-04-30
0001498	John Mahoney	1940-06-20
\.


--
-- Data for Name: directors; Type: TABLE DATA; Schema: public; Owner: andrejdavidcenko
--

COPY public.directors (id, name, b_date) FROM stdin;
0001104	Frank Darabont	1959-01-28
0000338	Francis Ford Coppola	1939-04-07
0634240	Christopher Nolan	1970-07-30
0001486	Sidney Lumet	1924-06-25
0000229	Steven Spielberg	1946-12-18
0001392	Peter Jackson	1961-10-31
0000233	Quentin Tarantino	1963-03-27
0001466	Sergio Leone	1929-01-03
0000709	Robert Zemeckis	1952-05-14
0000399	David Fincher	1962-08-28
0449984	Irvin Kershner	1923-04-29
0905154	Lana Wachowski	1965-06-21
0905152	Lilly Wachowski	1967-12-29
0000217	Martin Scorsese	1942-11-17
0001232	Milos Forman	1932-02-18
0000041	Akira Kurosawa	1910-03-23
0001008	Frank Capra	1897-05-18
0001129	Jonathan Demme	1944-02-22
0576987	Fernando Meirelles	1955-11-09
0526199	Kátia Lund	1966-01-01
0000905	Roberto Benigni	1952-10-27
0000184	George Lucas	1944-05-14
0000116	James Cameron	1954-08-16
0594503	Hayao Miyazaki	1941-01-05
0000033	Alfred Hitchcock	1899-08-13
0000591	Roman Polanski	1933-08-18
0094435	Bong Joon Ho	1969-09-14
0000108	Luc Besson	1959-03-18
0021249	Roger Allers	1949-06-29
0591450	Rob Minkoff	1962-08-11
0000631	Ridley Scott	1937-11-30
0443411	Tony Kaye	1952-01-01
0001741	Bryan Singer	1965-09-17
3227090	Damien Chazelle	1985-01-19
0002031	Michael Curtiz	1886-12-24
0462030	Masaki Kobayashi	1916-02-14
0619923	Olivier Nakache	1973-04-15
0865918	Éric Toledano	1971-07-03
0847223	Isao Takahata	1935-10-29
0000122	Charles Chaplin	1889-04-16
0868153	Giuseppe Tornatore	1956-05-27
0004056	Andrew Stanton	1965-12-03
0003697	Florian Henckel von Donnersmarck	1973-05-02
0000697	Billy Wilder	1906-06-22
0000040	Stanley Kubrick	1928-07-26
0751577	Anthony Russo	1970-02-03
0751648	Joe Russo	1971-07-08
2130108	Bob Persichetti	1900-01-01
0709056	Peter Ramsey	1962-12-23
0745247	Rodney Rothman	1900-01-01
0005222	Sam Mendes	1965-08-01
0661791	Park Chan-wook	1963-08-23
0680846	Todd Phillips	1970-12-20
0881279	Lee Unkrich	1967-08-08
2937122	Adrian Molina	1900-01-01
0005124	John Lasseter	1957-01-12
0000154	Mel Gibson	1956-01-03
0000583	Wolfgang Petersen	1941-03-14
2676052	Joseph Kosinski	1974-05-03
0001814	Gus Van Sant	1952-07-24
1396121	Makoto Shinkai	1973-02-09
0004716	Darren Aronofsky	1969-02-12
0002045	Stanley Donen	1924-04-13
0000037	Gene Kelly	1912-08-23
0386246	Rajkumar Hirani	1962-11-20
0549658	Richard Marquand	1937-09-22
1701024	Nadine Labaki	1974-02-18
0327273	Michel Gondry	1963-05-08
0899121	Thomas Vinterberg	1969-05-19
0000080	Orson Welles	1915-05-06
0459552	Elem Klimov	1933-07-09
0000485	Fritz Lang	1890-12-05
0000180	David Lean	1908-03-25
0000466	Jean-Pierre Jeunet	1953-09-03
2371802	Thomas Kail	1900-01-01
0000361	Brian De Palma	1940-09-11
0001351	George Roy Hill	1921-12-20
0612322	Robert Mulligan	1925-08-23
0898288	Denis Villeneuve	1967-10-03
0230032	Pete Docter	1968-10-09
0677037	Bob Peterson	1961-01-09
0000520	Michael Mann	1943-02-05
1410815	Asghar Farhadi	1972-05-07
0000436	Curtis Hanson	1945-03-24
0005363	Guy Ritchie	1968-09-10
0001532	John McTiernan	1951-01-08
0001120	Vittorio De Sica	1901-07-07
0451148	Aamir Khan	1965-03-14
1244760	Amole Gupte	1962-01-01
0386570	Oliver Hirschbiegel	1957-12-29
4318159	Nitesh Tiwari	1972-05-22
1725469	Florian Zeller	1979-06-28
0000581	Joseph L. Mankiewicz	1909-02-11
0268380	Peter Farrelly	1956-12-17
0006452	Stanley Kramer	1913-09-29
0868219	Guillermo del Toro	1964-10-09
0000142	Clint Eastwood	1930-05-31
0000759	Paul Thomas Anderson	1970-06-26
0001837	Peter Weir	1944-08-21
0796117	M. Night Shyamalan	1970-08-06
1218281	Jon Watts	1981-06-28
0000165	Ron Howard	1954-03-01
0000416	Terry Gilliam	1940-11-22
0001402	Terry Jones	1942-02-01
0001379	John Huston	1906-08-05
0836328	John Sturges	1910-01-03
0001053	Ethan Coen	1957-09-21
0001054	Joel Coen	1954-11-29
0000118	John Carpenter	1948-01-16
0000186	David Lynch	1946-01-20
0574625	James McTeigue	1900-01-01
0281808	Victor Fleming	1889-02-23
0002030	George Cukor	1899-07-07
0939992	Sam Wood	1883-07-10
0215455	Ronnie Del Carmen	1959-12-31
0002728	Juan José Campanella	1959-07-19
1732981	Martin McDonagh	1970-03-26
0000965	Danny Boyle	1956-10-20
0640334	Gavin O'Connor	1963-12-24
0006498	Majid Majidi	1959-01-01
0001415	Elia Kazan	1909-09-07
0000500	Richard Linklater	1960-07-30
2588606	Steve McQueen	1969-10-09
0946734	David Yates	1963-10-08
0943758	William Wyler	1902-07-01
0000005	Ingmar Bergman	1918-07-14
0715346	Carol Reed	1906-12-30
0115669	Clyde Bruckman	1894-06-30
0000036	Buster Keaton	1895-10-04
0027572	Wes Anderson	1969-05-01
0001047	Michael Cimino	1939-02-03
0006487	Jim Sheridan	1949-02-06
0167241	Henri-Georges Clouzot	1907-11-20
0655053	Sergio Pablos	1900-01-01
3582089	Carlos Martínez López	1900-01-01
1167933	Damián Szifron	1975-07-09
1049433	Lenny Abrahamson	1966-11-30
0004306	George Miller	1945-03-03
0254178	Adam Elliot	1972-01-02
0213450	Dean DeBlois	1970-06-07
0761498	Chris Sanders	1962-03-12
0798899	David Silverman	1957-03-15
0003433	Carl Theodor Dreyer	1889-02-03
0654868	Yasujirô Ozu	1903-12-12
0313623	Terry George	1952-12-20
0003506	James Mangold	1963-12-16
0000814	John G. Avildsen	1935-12-21
0000231	Oliver Stone	1946-09-15
0001661	Rob Reiner	1947-03-06
0565336	Tom McCarthy	1966-06-07
0006249	Satyajit Ray	1921-05-02
0083348	Brad Bird	1957-09-24
0684342	Jan Pinkava	1963-06-21
0000576	Sean Penn	1960-08-17
0503777	Mervyn LeRoy	1900-10-15
0851537	Norman Taurog	1899-02-23
0861703	Richard Thorpe	1896-02-24
0896542	King Vidor	1894-02-08
0000601	Harold Ramis	1944-11-21
0001243	William Friedkin	1935-08-29
4377096	T.J. Gnanavel	1900-01-01
3453283	Dan Kwan	1988-02-10
3215397	Daniel Scheinert	1987-06-07
0690597	Gillo Pontecorvo	1919-11-19
0523932	Ernst Lubitsch	1892-01-29
0002120	Lasse Hallström	1946-06-02
0893659	Gore Verbinski	1964-03-16
0000406	John Ford	1894-02-01
0327944	Alejandro G. Iñárritu	1963-08-15
0440913	Mathieu Kassovitz	1967-08-03
1463981	Çagan Irmak	1970-04-04
0742341	Stuart Rosenberg	1927-08-11
0000076	François Truffaut	1932-02-06
0936404	Robert Wise	1914-09-10
0166256	Ron Clements	1953-04-25
0615780	John Musker	1953-11-08
0853238	Tate Taylor	1969-06-03
0000277	Richard Attenborough	1923-08-29
\.


--
-- Data for Name: films; Type: TABLE DATA; Schema: public; Owner: andrejdavidcenko
--

COPY public.films (id_imdb, title, year, imdb_rating) FROM stdin;
0111161	The Shawshank Redemption	1994	9.2
0068646	The Godfather	1972	9.2
0468569	The Dark Knight	2008	9.0
0071562	The Godfather Part II	1974	9.0
0050083	12 Angry Men	1957	9.0
0108052	Schindler's List	1993	8.9
0167260	The Lord of the Rings: The Return of the King	2003	8.9
0110912	Pulp Fiction	1994	8.8
0120737	The Lord of the Rings: The Fellowship of the Ring	2001	8.8
0060196	The Good, the Bad and the Ugly	1966	8.8
0109830	Forrest Gump	1994	8.8
0137523	Fight Club	1999	8.7
0167261	The Lord of the Rings: The Two Towers	2002	8.7
1375666	Inception	2010	8.7
0080684	Star Wars: Episode V - The Empire Strikes Back	1980	8.7
0133093	The Matrix	1999	8.7
0099685	Goodfellas	1990	8.7
0073486	One Flew Over the Cuckoo's Nest	1975	8.6
0114369	Se7en	1995	8.6
0047478	Seven Samurai	1954	8.6
0038650	It's a Wonderful Life	1946	8.6
0102926	The Silence of the Lambs	1991	8.6
0317248	City of God	2002	8.6
0120815	Saving Private Ryan	1998	8.6
0118799	Life Is Beautiful	1997	8.6
0816692	Interstellar	2014	8.6
0120689	The Green Mile	1999	8.6
0076759	Star Wars: Episode IV - A New Hope	1977	8.6
0103064	Terminator 2: Judgment Day	1991	8.5
0088763	Back to the Future	1985	8.5
0245429	Spirited Away	2001	8.5
0054215	Psycho	1960	8.5
0253474	The Pianist	2002	8.5
6751668	Parasite	2019	8.5
0110413	Léon: The Professional	1994	8.5
0110357	The Lion King	1994	8.5
0172495	Gladiator	2000	8.5
0120586	American History X	1998	8.5
0407887	The Departed	2006	8.5
0114814	The Usual Suspects	1995	8.5
0482571	The Prestige	2006	8.5
2582802	Whiplash	2014	8.5
0034583	Casablanca	1942	8.5
0056058	Harakiri	1962	8.5
1675434	The Intouchables	2011	8.5
0095327	Grave of the Fireflies	1988	8.5
0027977	Modern Times	1936	8.4
0064116	Once Upon a Time in the West	1968	8.4
0047396	Rear Window	1954	8.4
0078748	Alien	1979	8.4
0021749	City Lights	1931	8.4
0095765	Cinema Paradiso	1988	8.4
0078788	Apocalypse Now	1979	8.4
0209144	Memento	2000	8.4
0082971	Indiana Jones and the Raiders of the Lost Ark	1981	8.4
1853728	Django Unchained	2012	8.4
0910970	WALL·E	2008	8.4
0405094	The Lives of Others	2006	8.4
0043014	Sunset Blvd.	1950	8.4
0050825	Paths of Glory	1957	8.4
0032553	The Great Dictator	1940	8.4
0081505	The Shining	1980	8.4
4154756	Avengers: Infinity War	2018	8.4
0051201	Witness for the Prosecution	1957	8.4
0090605	Aliens	1986	8.3
4633694	Spider-Man: Into the Spider-Verse	2018	8.3
0169547	American Beauty	1999	8.3
0057012	Dr. Strangelove or: How I Learned to Stop Worrying and Love the Bomb	1964	8.3
1345836	The Dark Knight Rises	2012	8.3
0364569	Oldboy	2003	8.3
7286456	Joker	2019	8.3
0086879	Amadeus	1984	8.3
0361748	Inglourious Basterds	2009	8.3
2380307	Coco	2017	8.3
0114709	Toy Story	1995	8.3
0112573	Braveheart	1995	8.3
0082096	The Boat	1981	8.3
4154796	Avengers: Endgame	2019	8.3
0119698	Princess Mononoke	1997	8.3
0087843	Once Upon a Time in America	1984	8.3
1745960	Top Gun: Maverick	2022	8.3
0119217	Good Will Hunting	1997	8.3
5311514	Your Name.	2016	8.3
0180093	Requiem for a Dream	2000	8.3
0045152	Singin' in the Rain	1952	8.3
0435761	Toy Story 3	2010	8.3
1187043	3 Idiots	2009	8.3
0057565	High and Low	1963	8.3
0086190	Star Wars: Episode VI - Return of the Jedi	1983	8.3
8267604	Capernaum	2018	8.3
0338013	Eternal Sunshine of the Spotless Mind	2004	8.3
0062622	2001: A Space Odyssey	1968	8.3
0105236	Reservoir Dogs	1992	8.3
2106476	The Hunt	2012	8.3
0033467	Citizen Kane	1941	8.3
0091251	Come and See	1985	8.3
0022100	M	1931	8.3
0056172	Lawrence of Arabia	1962	8.3
0053125	North by Northwest	1959	8.2
0052357	Vertigo	1958	8.2
0211915	Amélie	2001	8.2
0066921	A Clockwork Orange	1971	8.2
0053604	The Apartment	1960	8.2
0036775	Double Indemnity	1944	8.2
0044741	Ikiru	1952	8.2
0093058	Full Metal Jacket	1987	8.2
8503618	Hamilton	2020	8.2
0086250	Scarface	1983	8.2
0070735	The Sting	1973	8.2
0056592	To Kill a Mockingbird	1962	8.2
1255953	Incendies	2010	8.2
1049413	Up	2009	8.2
0113277	Heat	1995	8.2
0075314	Taxi Driver	1976	8.2
1832382	A Separation	2011	8.2
0017136	Metropolis	1927	8.2
0119488	L.A. Confidential	1997	8.2
0208092	Snatch	2000	8.2
0095016	Die Hard	1988	8.2
0040522	Bicycle Thieves	1948	8.2
0097576	Indiana Jones and the Last Crusade	1989	8.2
8579674	1917	2019	8.2
0986264	Like Stars on Earth	2007	8.2
0363163	Downfall	2004	8.2
0059578	For a Few Dollars More	1965	8.2
5074352	Dangal	2016	8.2
0372784	Batman Begins	2005	8.2
0012349	The Kid	1921	8.2
0053291	Some Like It Hot	1959	8.2
10272386	The Father	2020	8.2
0042192	All About Eve	1950	8.2
6966692	Green Book	2018	8.2
0993846	The Wolf of Wall Street	2013	8.2
0055031	Judgment at Nuremberg	1961	8.2
0089881	Ran	1985	8.2
0112641	Casino	1995	8.2
0457430	Pan's Labyrinth	2006	8.2
0105695	Unforgiven	1992	8.2
0469494	There Will Be Blood	2007	8.2
0120382	The Truman Show	1998	8.2
0167404	The Sixth Sense	1999	8.2
10872600	Spider-Man: No Way Home	2021	8.2
0268978	A Beautiful Mind	2001	8.2
0071853	Monty Python and the Holy Grail	1975	8.1
0055630	Yojimbo	1961	8.1
1130884	Shutter Island	2010	8.1
0040897	The Treasure of the Sierra Madre	1948	8.1
0107290	Jurassic Park	1993	8.1
0042876	Rashomon	1950	8.1
0057115	The Great Escape	1963	8.1
0266697	Kill Bill: Vol. 1	2003	8.1
0477348	No Country for Old Men	2007	8.1
0266543	Finding Nemo	2003	8.1
0084787	The Thing	1982	8.1
0080678	The Elephant Man	1980	8.1
0071315	Chinatown	1974	8.1
0081398	Raging Bull	1980	8.1
0434409	V for Vendetta	2005	8.1
0031381	Gone with the Wind	1939	8.1
2096673	Inside Out	2015	8.1
0120735	Lock, Stock and Two Smoking Barrels	1998	8.1
0046912	Dial M for Murder	1954	8.1
1305806	The Secret in Their Eyes	2009	8.1
0347149	Howl's Moving Castle	2004	8.1
0050212	The Bridge on the River Kwai	1957	8.1
5027774	Three Billboards Outside Ebbing, Missouri	2017	8.1
0117951	Trainspotting	1996	8.1
1291584	Warrior	2011	8.1
1205489	Gran Torino	2008	8.1
0116282	Fargo	1996	8.1
1392214	Prisoners	2013	8.1
0096283	My Neighbor Totoro	1988	8.1
0405159	Million Dollar Baby	2004	8.1
0264464	Catch Me If You Can	2002	8.1
0118849	Children of Heaven	1997	8.1
0015864	The Gold Rush	1925	8.1
0083658	Blade Runner	1982	8.1
0047296	On the Waterfront	1954	8.1
0112471	Before Sunrise	1995	8.1
2024544	12 Years a Slave	2013	8.1
1201607	Harry Potter and the Deathly Hallows: Part 2	2011	8.1
0052618	Ben-Hur	1959	8.1
0050986	Wild Strawberries	1957	8.1
0041959	The Third Man	1949	8.1
2267998	Gone Girl	2014	8.1
0017925	The General	1926	8.1
2278388	The Grand Budapest Hotel	2014	8.1
0077416	The Deer Hunter	1978	8.1
0107207	In the Name of the Father	1993	8.1
0072684	Barry Lyndon	1975	8.1
0046268	The Wages of Fear	1953	8.1
4729430	Klaus	2019	8.1
2119532	Hacksaw Ridge	2016	8.1
0031679	Mr. Smith Goes to Washington	1939	8.1
0015324	Sherlock Jr.	1924	8.1
0353969	Memories of Murder	2003	8.1
3011894	Wild Tales	2014	8.1
0050976	The Seventh Seal	1957	8.1
3170832	Room	2015	8.1
1392190	Mad Max: Fury Road	2015	8.1
0978762	Mary and Max	2009	8.1
0892769	How to Train Your Dragon	2010	8.1
0118715	The Big Lebowski	1998	8.1
0198781	Monsters, Inc.	2001	8.1
0073195	Jaws	1975	8.1
0097165	Dead Poets Society	1989	8.1
0019254	The Passion of Joan of Arc	1928	8.1
0046438	Tokyo Story	1953	8.1
0395169	Hotel Rwanda	2004	8.1
1950186	Ford v Ferrari	2019	8.0
0075148	Rocky	1976	8.0
0091763	Platoon	1986	8.0
0092005	Stand by Me	1986	8.0
0088247	The Terminator	1984	8.0
1895587	Spotlight	2015	8.0
3315342	Logan	2017	8.0
0048473	Pather Panchali	1955	8.0
0382932	Ratatouille	2007	8.0
1979320	Rush	2013	8.0
0074958	Network	1976	8.0
0758758	Into the Wild	2007	8.0
0032138	The Wizard of Oz	1939	8.0
0381681	Before Sunset	2004	8.0
0107048	Groundhog Day	1993	8.0
0070047	The Exorcist	1973	8.0
0036868	The Best Years of Our Lives	1946	8.0
0317705	The Incredibles	2004	8.0
15097216	Jai Bhim	2021	8.0
6710474	Everything Everywhere All at Once	2022	8.0
0058946	The Battle of Algiers	1966	8.0
0035446	To Be or Not to Be	1942	8.0
1028532	Hachi: A Dog's Tale	2009	8.0
0325980	Pirates of the Caribbean: The Curse of the Black Pearl	2003	8.0
0032551	The Grapes of Wrath	1940	8.0
0245712	Amores perros	2000	8.0
0032976	Rebecca	1940	8.0
0113247	La haine	1995	8.0
0476735	My Father and My Son	2005	8.0
0061512	Cool Hand Luke	1967	8.0
0053198	The 400 Blows	1959	8.0
4016934	The Handmaiden	2016	8.0
0025316	It Happened One Night	1934	8.0
0059742	The Sound of Music	1965	8.0
0060827	Persona	1966	8.0
0079470	Life of Brian	1979	8.0
0071411	Dersu Uzala	1975	8.0
0103639	Aladdin	1992	8.0
1454029	The Help	2011	8.0
0083987	Gandhi	1982	8.0
0129167	The Iron Giant	1999	8.0
\.


--
-- Data for Name: films_directors; Type: TABLE DATA; Schema: public; Owner: andrejdavidcenko
--

COPY public.films_directors (id_imdb, id_director) FROM stdin;
0111161	0001104
0068646	0000338
0468569	0634240
0071562	0000338
0050083	0001486
0108052	0000229
0167260	0001392
0110912	0000233
0120737	0001392
0060196	0001466
0109830	0000709
0137523	0000399
0167261	0001392
1375666	0634240
0080684	0449984
0133093	0905154
0133093	0905152
0099685	0000217
0073486	0001232
0114369	0000399
0047478	0000041
0038650	0001008
0102926	0001129
0317248	0576987
0317248	0526199
0120815	0000229
0118799	0000905
0816692	0634240
0120689	0001104
0076759	0000184
0103064	0000116
0088763	0000709
0245429	0594503
0054215	0000033
0253474	0000591
6751668	0094435
0110413	0000108
0110357	0021249
0110357	0591450
0172495	0000631
0120586	0443411
0407887	0000217
0114814	0001741
0482571	0634240
2582802	3227090
0034583	0002031
0056058	0462030
1675434	0619923
1675434	0865918
0095327	0847223
0027977	0000122
0064116	0001466
0047396	0000033
0078748	0000631
0021749	0000122
0095765	0868153
0078788	0000338
0209144	0634240
0082971	0000229
1853728	0000233
0910970	0004056
0405094	0003697
0043014	0000697
0050825	0000040
0032553	0000122
0081505	0000040
4154756	0751577
4154756	0751648
0051201	0000697
0090605	0000116
4633694	2130108
4633694	0709056
4633694	0745247
0169547	0005222
0057012	0000040
1345836	0634240
0364569	0661791
7286456	0680846
0086879	0001232
0361748	0000233
2380307	0881279
2380307	2937122
0114709	0005124
0112573	0000154
0082096	0000583
4154796	0751577
4154796	0751648
0119698	0594503
0087843	0001466
1745960	2676052
0119217	0001814
5311514	1396121
0180093	0004716
0045152	0002045
0045152	0000037
0435761	0881279
1187043	0386246
0057565	0000041
0086190	0549658
8267604	1701024
0338013	0327273
0062622	0000040
0105236	0000233
2106476	0899121
0033467	0000080
0091251	0459552
0022100	0000485
0056172	0000180
0053125	0000033
0052357	0000033
0211915	0000466
0066921	0000040
0053604	0000697
0036775	0000697
0044741	0000041
0093058	0000040
8503618	2371802
0086250	0000361
0070735	0001351
0056592	0612322
1255953	0898288
1049413	0230032
1049413	0677037
0113277	0000520
0075314	0000217
1832382	1410815
0017136	0000485
0119488	0000436
0208092	0005363
0095016	0001532
0040522	0001120
0097576	0000229
8579674	0005222
0986264	0451148
0986264	1244760
0363163	0386570
0059578	0001466
5074352	4318159
0372784	0634240
0012349	0000122
0053291	0000697
10272386	1725469
0042192	0000581
6966692	0268380
0993846	0000217
0055031	0006452
0089881	0000041
0112641	0000217
0457430	0868219
0105695	0000142
0469494	0000759
0120382	0001837
0167404	0796117
10872600	1218281
0268978	0000165
0071853	0000416
0071853	0001402
0055630	0000041
1130884	0000217
0040897	0001379
0107290	0000229
0042876	0000041
0057115	0836328
0266697	0000233
0477348	0001053
0477348	0001054
0266543	0004056
0266543	0881279
0084787	0000118
0080678	0000186
0071315	0000591
0081398	0000217
0434409	0574625
0031381	0281808
0031381	0002030
0031381	0939992
2096673	0230032
2096673	0215455
0120735	0005363
0046912	0000033
1305806	0002728
0347149	0594503
0050212	0000180
5027774	1732981
0117951	0000965
1291584	0640334
1205489	0000142
0116282	0001054
0116282	0001053
1392214	0898288
0096283	0594503
0405159	0000142
0264464	0000229
0118849	0006498
0015864	0000122
0083658	0000631
0047296	0001415
0112471	0000500
2024544	2588606
1201607	0946734
0052618	0943758
0050986	0000005
0041959	0715346
2267998	0000399
0017925	0115669
0017925	0000036
2278388	0027572
0077416	0001047
0107207	0006487
0072684	0000040
0046268	0167241
4729430	0655053
4729430	3582089
2119532	0000154
0031679	0001008
0015324	0000036
0353969	0094435
3011894	1167933
0050976	0000005
3170832	1049433
1392190	0004306
0978762	0254178
0892769	0213450
0892769	0761498
0118715	0001054
0118715	0001053
0198781	0230032
0198781	0798899
0198781	0881279
0073195	0000229
0097165	0001837
0019254	0003433
0046438	0654868
0395169	0313623
1950186	0003506
0075148	0000814
0091763	0000231
0092005	0001661
0088247	0000116
1895587	0565336
3315342	0003506
0048473	0006249
0382932	0083348
0382932	0684342
1979320	0000165
0074958	0001486
0758758	0000576
0032138	0281808
0032138	0002030
0032138	0503777
0032138	0851537
0032138	0861703
0032138	0896542
0381681	0000500
0107048	0000601
0070047	0001243
0036868	0943758
0317705	0083348
15097216	4377096
6710474	3453283
6710474	3215397
0058946	0690597
0035446	0523932
1028532	0002120
0325980	0893659
0032551	0000406
0245712	0327944
0032976	0000033
0113247	0440913
0476735	1463981
0061512	0742341
0053198	0000076
4016934	0661791
0025316	0001008
0059742	0936404
0060827	0000005
0079470	0001402
0071411	0000041
0103639	0166256
0103639	0615780
1454029	0853238
0083987	0000277
0129167	0083348
\.


--
-- Data for Name: films_genre; Type: TABLE DATA; Schema: public; Owner: andrejdavidcenko
--

COPY public.films_genre (id_imdb, id_genre) FROM stdin;
0111161	5
0068646	6
0068646	5
0468569	7
0468569	6
0468569	5
0468569	8
0071562	6
0071562	5
0050083	6
0050083	5
0108052	9
0108052	5
0108052	10
0167260	7
0167260	11
0167260	5
0167260	12
0110912	6
0110912	5
0120737	7
0120737	11
0120737	5
0120737	12
0060196	11
0060196	13
0109830	5
0109830	14
0137523	5
0167261	7
0167261	11
0167261	5
0167261	12
1375666	7
1375666	11
1375666	15
1375666	8
0080684	7
0080684	11
0080684	12
0080684	15
0133093	7
0133093	15
0099685	9
0099685	6
0099685	5
0073486	5
0114369	6
0114369	5
0114369	16
0114369	8
0047478	7
0047478	5
0038650	5
0038650	17
0038650	12
0038650	14
0102926	6
0102926	5
0102926	8
0317248	6
0317248	5
0120815	5
0120815	18
0118799	19
0118799	5
0118799	14
0118799	18
0816692	11
0816692	5
0816692	15
0120689	6
0120689	5
0120689	12
0120689	16
0076759	7
0076759	11
0076759	12
0076759	15
0103064	7
0103064	15
0088763	11
0088763	19
0088763	15
0245429	20
0245429	11
0245429	17
0245429	12
0245429	16
0054215	21
0054215	16
0054215	8
0253474	9
0253474	5
0253474	22
0253474	18
6751668	5
6751668	8
0110413	7
0110413	6
0110413	5
0110413	8
0110357	20
0110357	11
0110357	5
0110357	17
0110357	23
0172495	7
0172495	11
0172495	5
0120586	6
0120586	5
0407887	6
0407887	5
0407887	8
0114814	6
0114814	5
0114814	16
0114814	8
0482571	5
0482571	16
0482571	15
0482571	8
2582802	5
2582802	22
0034583	5
0034583	14
0034583	18
0056058	7
0056058	5
0056058	16
1675434	9
1675434	19
1675434	5
0095327	20
0095327	5
0095327	18
0027977	19
0027977	5
0027977	14
0064116	13
0047396	16
0047396	8
0078748	21
0078748	15
0021749	19
0021749	5
0021749	14
0095765	5
0095765	14
0078788	5
0078788	16
0078788	18
0209144	16
0209144	8
0082971	7
0082971	11
1853728	5
1853728	13
0910970	20
0910970	11
0910970	17
0910970	15
0405094	5
0405094	16
0405094	8
0043014	5
0043014	24
0050825	5
0050825	18
0032553	19
0032553	5
0032553	18
0081505	5
0081505	21
4154756	7
4154756	11
4154756	15
0051201	6
0051201	5
0051201	16
0051201	8
0090605	7
0090605	11
0090605	15
0090605	8
4633694	20
4633694	7
4633694	11
4633694	19
4633694	17
4633694	12
4633694	15
0169547	5
0057012	19
0057012	18
1345836	7
1345836	5
0364569	7
0364569	5
0364569	16
0364569	8
7286456	6
7286456	5
7286456	8
0086879	9
0086879	5
0086879	22
0361748	11
0361748	5
0361748	18
2380307	20
2380307	11
2380307	19
2380307	17
2380307	12
2380307	22
2380307	16
0114709	20
0114709	11
0114709	19
0114709	17
0114709	12
0112573	9
0112573	5
0112573	10
0112573	18
0082096	5
0082096	18
4154796	7
4154796	11
4154796	5
4154796	15
0119698	20
0119698	7
0119698	11
0119698	12
0087843	6
0087843	5
1745960	7
1745960	5
0119217	5
0119217	14
5311514	20
5311514	5
5311514	12
5311514	14
0180093	5
0045152	19
0045152	23
0045152	14
0435761	20
0435761	11
0435761	19
0435761	17
0435761	12
1187043	19
1187043	5
0057565	6
0057565	5
0057565	16
0057565	8
0086190	7
0086190	11
0086190	12
0086190	15
8267604	5
0338013	5
0338013	14
0338013	15
0062622	11
0062622	15
0105236	6
0105236	8
2106476	5
0033467	5
0033467	16
0091251	5
0091251	8
0091251	18
0022100	6
0022100	16
0022100	8
0056172	11
0056172	9
0056172	5
0056172	18
0053125	7
0053125	11
0053125	16
0053125	8
0052357	16
0052357	14
0052357	8
0211915	19
0211915	14
0066921	6
0066921	15
0053604	19
0053604	5
0053604	14
0036775	6
0036775	5
0036775	24
0036775	16
0036775	8
0044741	5
0093058	5
0093058	18
8503618	9
8503618	5
8503618	10
8503618	23
0086250	6
0086250	5
0070735	19
0070735	6
0070735	5
0056592	6
0056592	5
1255953	5
1255953	16
1049413	20
1049413	11
1049413	19
1049413	5
1049413	17
0113277	7
0113277	6
0113277	5
0075314	6
0075314	5
1832382	5
0017136	5
0017136	15
0119488	6
0119488	5
0119488	16
0119488	8
0208092	19
0208092	6
0095016	7
0095016	8
0040522	5
0097576	7
0097576	11
8579674	7
8579674	5
8579674	18
0986264	5
0986264	17
0363163	9
0363163	5
0363163	10
0363163	18
0059578	13
5074352	7
5074352	9
5074352	5
5074352	25
0372784	7
0372784	6
0372784	5
0012349	19
0012349	5
0012349	17
0053291	19
0053291	22
0053291	14
10272386	5
10272386	16
0042192	5
6966692	9
6966692	19
6966692	5
6966692	22
0993846	9
0993846	19
0993846	6
0993846	5
0055031	5
0055031	18
0089881	7
0089881	5
0089881	18
0112641	6
0112641	5
0457430	5
0457430	12
0457430	18
0105695	5
0105695	13
0469494	5
0120382	19
0120382	5
0167404	5
0167404	16
0167404	8
10872600	7
10872600	11
10872600	12
10872600	15
0268978	9
0268978	5
0071853	11
0071853	19
0071853	12
0055630	7
0055630	5
0055630	8
1130884	16
1130884	8
0040897	11
0040897	5
0040897	13
0107290	7
0107290	11
0107290	15
0107290	8
0042876	6
0042876	5
0042876	16
0057115	11
0057115	5
0057115	10
0057115	8
0057115	18
0266697	7
0266697	6
0266697	5
0266697	8
0477348	6
0477348	5
0477348	8
0266543	20
0266543	11
0266543	19
0266543	17
0084787	21
0084787	16
0084787	15
0080678	9
0080678	5
0071315	5
0071315	16
0071315	8
0081398	9
0081398	5
0081398	25
0434409	7
0434409	5
0434409	15
0434409	8
0031381	5
0031381	14
0031381	18
2096673	20
2096673	11
2096673	19
2096673	5
2096673	17
2096673	12
0120735	7
0120735	19
0120735	6
0046912	6
0046912	8
1305806	5
1305806	16
1305806	14
1305806	8
0347149	20
0347149	11
0347149	17
0347149	12
0050212	11
0050212	5
0050212	18
5027774	19
5027774	6
5027774	5
0117951	5
1291584	7
1291584	5
1291584	25
1205489	5
0116282	6
0116282	8
1392214	6
1392214	5
1392214	16
1392214	8
0096283	20
0096283	19
0096283	17
0096283	12
0405159	5
0405159	25
0264464	9
0264464	6
0264464	5
0118849	5
0118849	17
0118849	25
0015864	11
0015864	19
0015864	5
0015864	13
0083658	7
0083658	5
0083658	15
0083658	8
0047296	6
0047296	5
0047296	8
0112471	5
0112471	14
2024544	9
2024544	5
2024544	10
1201607	11
1201607	17
1201607	12
1201607	16
0052618	11
0052618	5
0050986	5
0050986	14
0041959	24
0041959	16
0041959	8
2267998	5
2267998	16
2267998	8
0017925	7
0017925	11
0017925	19
0017925	5
0017925	18
2278388	11
2278388	19
2278388	6
0077416	5
0077416	18
0107207	9
0107207	6
0107207	5
0072684	11
0072684	5
0072684	18
0046268	11
0046268	5
0046268	8
4729430	20
4729430	11
4729430	19
4729430	17
4729430	12
2119532	9
2119532	5
2119532	10
2119532	18
0031679	19
0031679	5
0015324	7
0015324	19
0015324	14
0353969	6
0353969	5
0353969	16
0353969	8
3011894	19
3011894	5
3011894	8
0050976	5
0050976	12
3170832	5
3170832	8
1392190	7
1392190	11
1392190	15
1392190	8
0978762	20
0978762	19
0978762	5
0892769	20
0892769	7
0892769	11
0892769	19
0892769	17
0892769	12
0118715	19
0118715	6
0198781	20
0198781	11
0198781	19
0198781	17
0198781	12
0073195	11
0073195	8
0097165	19
0097165	5
0019254	9
0019254	5
0019254	10
0046438	5
0395169	9
0395169	5
0395169	10
0395169	18
1950186	7
1950186	9
1950186	5
1950186	25
0075148	5
0075148	25
0091763	5
0091763	18
0092005	11
0092005	5
0088247	7
0088247	15
1895587	9
1895587	6
1895587	5
3315342	7
3315342	5
3315342	15
3315342	8
0048473	5
0382932	20
0382932	11
0382932	19
0382932	17
0382932	12
1979320	7
1979320	9
1979320	5
1979320	25
0074958	5
0758758	11
0758758	9
0758758	5
0032138	11
0032138	17
0032138	12
0032138	23
0381681	5
0381681	14
0107048	19
0107048	5
0107048	12
0107048	14
0070047	21
0036868	5
0036868	14
0036868	18
0317705	20
0317705	7
0317705	11
0317705	17
15097216	6
15097216	5
15097216	16
6710474	7
6710474	11
6710474	19
6710474	12
6710474	15
0058946	5
0058946	18
0035446	19
0035446	14
0035446	18
1028532	9
1028532	5
1028532	17
0325980	7
0325980	11
0325980	12
0032551	5
0245712	5
0245712	8
0032976	5
0032976	24
0032976	16
0032976	14
0032976	8
0113247	6
0113247	5
0476735	5
0476735	17
0061512	6
0061512	5
0053198	6
0053198	5
4016934	5
4016934	14
4016934	8
0025316	19
0025316	14
0059742	9
0059742	5
0059742	17
0059742	23
0059742	14
0060827	5
0060827	8
0079470	19
0071411	11
0071411	9
0071411	5
0103639	20
0103639	11
0103639	19
0103639	17
0103639	12
0103639	23
0103639	14
1454029	5
0083987	9
0083987	5
0129167	20
0129167	7
0129167	11
0129167	19
0129167	5
0129167	17
0129167	15
\.


--
-- Data for Name: genre; Type: TABLE DATA; Schema: public; Owner: andrejdavidcenko
--

COPY public.genre (id, name) FROM stdin;
5	Drama
6	Crime
7	Action
8	Thriller
9	Biography
10	History
11	Adventure
12	Fantasy
13	Western
14	Romance
15	Sci-Fi
16	Mystery
17	Family
18	War
19	Comedy
20	Animation
21	Horror
22	Music
23	Musical
24	Film-Noir
25	Sport
\.


--
-- Data for Name: type_role; Type: TABLE DATA; Schema: public; Owner: andrejdavidcenko
--

COPY public.type_role (id, shot_name) FROM stdin;
1	primery
2	secondary
\.


--
-- Name: genre_id_seq; Type: SEQUENCE SET; Schema: public; Owner: andrejdavidcenko
--

SELECT pg_catalog.setval('public.genre_id_seq', 25, true);


--
-- Name: type_role_id_seq; Type: SEQUENCE SET; Schema: public; Owner: andrejdavidcenko
--

SELECT pg_catalog.setval('public.type_role_id_seq', 2, true);


--
-- Name: actions actions_id_film_id_actor_key; Type: CONSTRAINT; Schema: public; Owner: andrejdavidcenko
--

ALTER TABLE ONLY public.actions
    ADD CONSTRAINT actions_id_film_id_actor_key UNIQUE (id_film, id_actor);


--
-- Name: actors actors_name_b_date_key; Type: CONSTRAINT; Schema: public; Owner: andrejdavidcenko
--

ALTER TABLE ONLY public.actors
    ADD CONSTRAINT actors_name_b_date_key UNIQUE (name, b_date);


--
-- Name: actors actors_pkey; Type: CONSTRAINT; Schema: public; Owner: andrejdavidcenko
--

ALTER TABLE ONLY public.actors
    ADD CONSTRAINT actors_pkey PRIMARY KEY (id);


--
-- Name: directors directors_name_b_date_key; Type: CONSTRAINT; Schema: public; Owner: andrejdavidcenko
--

ALTER TABLE ONLY public.directors
    ADD CONSTRAINT directors_name_b_date_key UNIQUE (name, b_date);


--
-- Name: directors directors_pkey; Type: CONSTRAINT; Schema: public; Owner: andrejdavidcenko
--

ALTER TABLE ONLY public.directors
    ADD CONSTRAINT directors_pkey PRIMARY KEY (id);


--
-- Name: films_directors films_directors_id_imdb_id_director_key; Type: CONSTRAINT; Schema: public; Owner: andrejdavidcenko
--

ALTER TABLE ONLY public.films_directors
    ADD CONSTRAINT films_directors_id_imdb_id_director_key UNIQUE (id_imdb, id_director);


--
-- Name: films_genre films_genre_id_imdb_id_genre_key; Type: CONSTRAINT; Schema: public; Owner: andrejdavidcenko
--

ALTER TABLE ONLY public.films_genre
    ADD CONSTRAINT films_genre_id_imdb_id_genre_key UNIQUE (id_imdb, id_genre);


--
-- Name: films films_pkey; Type: CONSTRAINT; Schema: public; Owner: andrejdavidcenko
--

ALTER TABLE ONLY public.films
    ADD CONSTRAINT films_pkey PRIMARY KEY (id_imdb);


--
-- Name: films films_title_year_key; Type: CONSTRAINT; Schema: public; Owner: andrejdavidcenko
--

ALTER TABLE ONLY public.films
    ADD CONSTRAINT films_title_year_key UNIQUE (title, year);


--
-- Name: genre genre_name_key; Type: CONSTRAINT; Schema: public; Owner: andrejdavidcenko
--

ALTER TABLE ONLY public.genre
    ADD CONSTRAINT genre_name_key UNIQUE (name);


--
-- Name: genre genre_pkey; Type: CONSTRAINT; Schema: public; Owner: andrejdavidcenko
--

ALTER TABLE ONLY public.genre
    ADD CONSTRAINT genre_pkey PRIMARY KEY (id);


--
-- Name: type_role type_role_pkey; Type: CONSTRAINT; Schema: public; Owner: andrejdavidcenko
--

ALTER TABLE ONLY public.type_role
    ADD CONSTRAINT type_role_pkey PRIMARY KEY (id);


--
-- Name: type_role type_role_shot_name_key; Type: CONSTRAINT; Schema: public; Owner: andrejdavidcenko
--

ALTER TABLE ONLY public.type_role
    ADD CONSTRAINT type_role_shot_name_key UNIQUE (shot_name);


--
-- Name: actions actions_id_actor_fkey; Type: FK CONSTRAINT; Schema: public; Owner: andrejdavidcenko
--

ALTER TABLE ONLY public.actions
    ADD CONSTRAINT actions_id_actor_fkey FOREIGN KEY (id_actor) REFERENCES public.actors(id);


--
-- Name: actions actions_id_film_fkey; Type: FK CONSTRAINT; Schema: public; Owner: andrejdavidcenko
--

ALTER TABLE ONLY public.actions
    ADD CONSTRAINT actions_id_film_fkey FOREIGN KEY (id_film) REFERENCES public.films(id_imdb);


--
-- Name: films_directors films_directors_id_director_fkey; Type: FK CONSTRAINT; Schema: public; Owner: andrejdavidcenko
--

ALTER TABLE ONLY public.films_directors
    ADD CONSTRAINT films_directors_id_director_fkey FOREIGN KEY (id_director) REFERENCES public.directors(id);


--
-- Name: films_directors films_directors_id_imdb_fkey; Type: FK CONSTRAINT; Schema: public; Owner: andrejdavidcenko
--

ALTER TABLE ONLY public.films_directors
    ADD CONSTRAINT films_directors_id_imdb_fkey FOREIGN KEY (id_imdb) REFERENCES public.films(id_imdb);


--
-- Name: films_genre films_genre_id_genre_fkey; Type: FK CONSTRAINT; Schema: public; Owner: andrejdavidcenko
--

ALTER TABLE ONLY public.films_genre
    ADD CONSTRAINT films_genre_id_genre_fkey FOREIGN KEY (id_genre) REFERENCES public.genre(id);


--
-- Name: films_genre films_genre_id_imdb_fkey; Type: FK CONSTRAINT; Schema: public; Owner: andrejdavidcenko
--

ALTER TABLE ONLY public.films_genre
    ADD CONSTRAINT films_genre_id_imdb_fkey FOREIGN KEY (id_imdb) REFERENCES public.films(id_imdb);


--
-- PostgreSQL database dump complete
--

